,tweet_id,name,type,rating_numerator,rating_denominator,rating
0,892420643555336193,Phineas,None,13,10,1.3
1,892177421306343426,Tilly,None,13,10,1.3
2,891815181378084864,Archie,None,12,10,1.2
3,891689557279858688,Darla,None,13,10,1.3
4,891327558926688256,Franklin,None,12,10,1.2
5,891087950875897856,None,None,13,10,1.3
6,890971913173991426,Jax,None,13,10,1.3
7,890729181411237888,None,None,13,10,1.3
8,890609185150312448,Zoey,None,13,10,1.3
9,890240255349198849,Cassie,doggo,14,10,1.4
10,890006608113172480,Koda,None,13,10,1.3
11,889880896479866881,Bruno,None,13,10,1.3
12,889665388333682689,None,puppo,13,10,1.3
13,889638837579907072,Ted,None,12,10,1.2
14,889531135344209921,Stuart,puppo,13,10,1.3
15,889278841981685760,Oliver,None,13,10,1.3
16,888917238123831296,Jim,None,12,10,1.2
17,888804989199671297,Zeke,None,13,10,1.3
18,888554962724278272,Ralphus,None,13,10,1.3
20,888078434458587136,Gerald,None,12,10,1.2
21,887705289381826560,Jeffrey,None,13,10,1.3
22,887517139158093824,such,None,14,10,1.4
23,887473957103951883,Canela,None,13,10,1.3
24,887343217045368832,None,None,13,10,1.3
25,887101392804085760,None,None,12,10,1.2
26,886983233522544640,Maya,None,13,10,1.3
27,886736880519319552,Mingus,None,13,10,1.3
28,886680336477933568,Derek,None,13,10,1.3
29,886366144734445568,Roscoe,pupper,12,10,1.2
30,886267009285017600,None,None,12,10,1.2
31,886258384151887873,Waffles,None,13,10,1.3
33,885984800019947520,Jimbo,None,12,10,1.2
34,885528943205470208,Maisey,None,13,10,1.3
35,885518971528720385,None,None,14,10,1.4
37,885167619883638784,None,None,13,10,1.3
38,884925521741709313,Earl,None,12,10,1.2
39,884876753390489601,Lola,None,13,10,1.3
40,884562892145688576,Kevin,None,13,10,1.3
41,884441805382717440,None,None,14,10,1.4
42,884247878851493888,None,None,13,10,1.3
43,884162670584377345,Yogi,doggo,12,10,1.2
44,883838122936631299,Noah,None,12,10,1.2
45,883482846933004288,Bella,None,5,10,0.5
46,883360690899218434,Grizzwald,floofer,13,10,1.3
47,883117836046086144,None,None,13,10,1.3
48,882992080364220416,Rusty,None,13,10,1.3
49,882762694511734784,Gus,pupper,12,10,1.2
50,882627270321602560,Stanley,None,13,10,1.3
51,882268110199369728,Alfy,None,13,10,1.3
52,882045870035918850,Koko,None,13,10,1.3
53,881906580714921986,Rey,None,12,10,1.2
54,881666595344535552,Gary,None,13,10,1.3
55,881633300179243008,None,None,17,10,1.7
56,881536004380872706,a,pupper,14,10,1.4
57,881268444196462592,Elliot,None,12,10,1.2
58,880935762899988482,Louis,None,13,10,1.3
59,880872448815771648,None,None,12,10,1.2
60,880465832366813184,Bella,None,12,10,1.2
61,880221127280381952,Jesse,None,12,10,1.2
62,880095782870896641,None,None,11,10,1.1
63,879862464715927552,Romeo,None,13,10,1.3
64,879674319642796034,None,None,14,10,1.4
65,879492040517615616,Bailey,None,12,10,1.2
66,879415818425184262,Duddles,None,13,10,1.3
67,879376492567855104,Jack,None,12,10,1.2
69,879050749262655488,Steven,None,11,10,1.1
70,879008229531029506,Beau,None,13,10,1.3
71,878776093423087618,Snoopy,puppo,13,10,1.3
72,878604707211726852,None,None,13,10,1.3
75,878281511006478336,Shadow,None,13,10,1.3
76,878057613040115712,Emmy,None,14,10,1.4
77,877736472329191424,Aja,None,13,10,1.3
79,877556246731214848,Penny,None,12,10,1.2
80,877316821321428993,Dante,None,13,10,1.3
81,877201837425926144,Nelly,None,12,10,1.2
82,876838120628539392,Ginger,pupper,12,10,1.2
83,876537666061221889,None,None,14,10,1.4
84,876484053909872640,Benedict,None,13,10,1.3
85,876120275196170240,Venti,None,13,10,1.3
86,875747767867523072,Goose,None,13,10,1.3
87,875144289856114688,Nugget,None,13,10,1.3
88,875097192612077568,None,None,13,10,1.3
89,875021211251597312,None,None,12,10,1.2
90,874680097055178752,Cash,None,12,10,1.2
92,874296783580663808,Jed,pupper,13,10,1.3
93,874057562936811520,None,None,12,10,1.2
94,874012996292530176,Sebastian,puppo,13,10,1.3
96,873580283840344065,None,None,13,10,1.3
98,873213775632977920,Sierra,pupper,12,10,1.2
99,872967104147763200,None,doggo,12,10,1.2
100,872820683541237760,None,None,13,10,1.3
102,872620804844003328,Monkey,None,13,10,1.3
103,872486979161796608,None,None,12,10,1.2
104,872261713294495745,Harry,None,13,10,1.3
105,872122724285648897,Kody,None,12,10,1.2
106,871879754684805121,Lassie,None,13,10,1.3
107,871762521631449091,Rover,pupper,12,10,1.2
108,871515927908634625,Napolean,doggo,12,10,1.2
110,871102520638267392,None,doggo,14,10,1.4
111,871032628920680449,Boomer,None,13,10,1.3
112,870804317367881728,None,None,11,10,1.1
113,870726314365509632,None,None,10,10,1.0
114,870656317836468226,Cody,None,13,10,1.3
115,870374049280663552,Zoey,None,13,10,1.3
116,870308999962521604,Rumble,None,13,10,1.3
117,870063196459192321,Clifford,None,14,10,1.4
119,869772420881756160,Dewey,None,13,10,1.3
120,869702957897576449,Stanley,None,13,10,1.3
121,869596645499047938,Scout,doggo,12,10,1.2
122,869227993411051520,Gizmo,None,13,10,1.3
123,868880397819494401,Walter,None,14,10,1.4
125,868622495443632128,None,None,13,10,1.3
126,868552278524837888,Cooper,None,12,10,1.2
127,867900495410671616,None,None,12,10,1.2
128,867774946302451713,Harold,None,13,10,1.3
129,867421006826221569,Shikha,puppo,12,10,1.2
131,867051520902168576,None,None,13,10,1.3
133,866720684873056260,None,None,13,10,1.3
134,866686824827068416,Lili,None,12,10,1.2
135,866450705531457537,Jamesy,pupper,13,10,1.3
136,866334964761202691,Coco,None,12,10,1.2
138,865718153858494464,Boomer,None,13,10,1.3
139,865359393868664832,Sammy,None,13,10,1.3
140,865006731092295680,Nelly,None,13,10,1.3
141,864873206498414592,None,None,14,10,1.4
142,864279568663928832,Meatball,None,12,10,1.2
143,864197398364647424,Paisley,None,13,10,1.3
144,863907417377173506,Albus,None,13,10,1.3
145,863553081350529029,Neptune,None,13,10,1.3
147,863432100342583297,Belle,None,12,10,1.2
148,863427515083354112,None,None,12,10,1.2
149,863079547188785154,None,None,14,10,1.4
150,863062471531167744,Quinn,None,13,10,1.3
151,862831371563274240,Zooey,None,13,10,1.3
152,862722525377298433,Dave,None,11,10,1.1
153,862457590147678208,Jersey,None,13,10,1.3
154,862096992088072192,None,None,13,10,1.3
156,861383897657036800,Hobbes,None,13,10,1.3
157,861288531465048066,None,None,13,10,1.3
158,861005113778896900,Burt,None,12,10,1.2
161,860563773140209665,Lorenzo,None,13,10,1.3
162,860524505164394496,Carl,None,13,10,1.3
163,860276583193509888,Jordy,None,12,10,1.2
164,860184849394610176,None,None,14,10,1.4
166,859924526012018688,Milky,None,12,10,1.2
167,859851578198683649,Trooper,None,13,10,1.3
168,859607811541651456,None,puppo,13,10,1.3
169,859196978902773760,quite,None,12,10,1.2
170,859074603037188101,None,None,13,10,1.3
172,858843525470990336,None,doggo,13,10,1.3
173,858471635011153920,Sophie,None,13,10,1.3
174,858107933456039936,Wyatt,None,12,10,1.2
175,857989990357356544,Rosie,None,12,10,1.2
176,857746408056729600,Thor,None,13,10,1.3
177,857393404942143489,None,None,13,10,1.3
178,857263160327368704,Oscar,None,13,10,1.3
179,857214891891077121,None,None,12,10,1.2
181,857029823797047296,Zeke,None,12,10,1.2
183,856543823941562368,Callie,None,12,10,1.2
184,856526610513747968,None,None,14,10,1.4
186,856288084350160898,None,None,14,10,1.4
187,856282028240666624,Cermet,None,14,10,1.4
190,855857698524602368,None,None,13,10,1.3
191,855851453814013952,None,puppo,13,10,1.3
192,855818117272018944,None,None,13,10,1.3
193,855459453768019968,quite,None,12,10,1.2
196,854732716440526848,Marlee,None,12,10,1.2
197,854482394044301312,Arya,None,13,10,1.3
198,854365224396361728,Einstein,None,13,10,1.3
199,854120357044912130,None,pupper,14,10,1.4
200,854010172552949760,None,floofer,11,10,1.1
201,853760880890318849,Alice,None,12,10,1.2
202,853639147608842240,None,None,13,10,1.3
203,853299958564483072,Rumpole,None,13,10,1.3
205,852912242202992640,Benny,None,12,10,1.2
206,852672615818899456,Aspen,None,12,10,1.2
207,852553447878664193,Jarod,None,13,10,1.3
208,852311364735569921,Wiggles,None,13,10,1.3
209,852226086759018497,General,None,14,10,1.4
210,852189679701164033,Sailor,None,12,10,1.2
213,851591660324737024,None,None,11,10,1.1
214,851464819735769094,Iggy,None,14,10,1.4
215,851224888060895234,Snoop,None,13,10,1.3
216,850753642995093505,Kyle,None,11,10,1.1
217,850380195714523136,Leo,None,13,10,1.3
218,850333567704068097,None,None,13,10,1.3
219,850145622816686080,Riley,None,11,10,1.1
220,850019790995546112,Boomer,pupper,12,10,1.2
221,849776966551130114,None,None,12,10,1.2
223,849412302885593088,Noosh,None,12,10,1.2
224,849336543269576704,None,None,11,10,1.1
225,849051919805034497,Kevin,None,13,10,1.3
226,848690551926992896,None,None,12,10,1.2
227,848324959059550208,Odin,None,12,10,1.2
228,848213670039564288,None,None,11,10,1.1
229,848212111729840128,Jerry,None,6,10,0.6
232,847962785489326080,Georgie,None,10,10,1.0
233,847842811428974592,Rontu,None,12,10,1.2
234,847617282490613760,None,None,13,10,1.3
235,847606175596138505,Cannon,None,12,10,1.2
236,847251039262605312,Furzey,None,12,10,1.2
237,847157206088847362,Daisy,None,11,10,1.1
238,847116187444137987,None,None,11,10,1.1
239,846874817362120707,Tuck,None,13,10,1.3
240,846514051647705089,Barney,doggo,13,10,1.3
241,846505985330044928,None,None,11,10,1.1
242,846153765933735936,Vixen,None,13,10,1.3
243,846139713627017216,None,None,13,10,1.3
244,846042936437604353,Jarvis,None,12,10,1.2
245,845812042753855489,None,None,13,10,1.3
246,845677943972139009,None,None,12,10,1.2
248,845397057150107648,Mimosa,doggo,13,10,1.3
249,845306882940190720,Pickles,pupper,12,10,1.2
251,844979544864018432,None,None,13,10,1.3
252,844973813909606400,Brady,None,12,10,1.2
253,844704788403113984,Luna,None,13,10,1.3
254,844580511645339650,Charlie,None,11,10,1.1
255,844223788422217728,Margo,None,12,10,1.2
256,843981021012017153,None,None,13,10,1.3
257,843856843873095681,Sadie,None,12,10,1.2
258,843604394117681152,Hank,None,11,10,1.1
259,843235543001513987,Tycho,None,13,10,1.3
261,842846295480000512,Charlie,None,13,10,1.3
262,842765311967449089,Indie,None,12,10,1.2
263,842535590457499648,Winnie,None,13,10,1.3
264,842163532590374912,George,None,12,10,1.2
265,842115215311396866,Bentley,None,12,10,1.2
267,841680585030541313,Penny,None,12,10,1.2
268,841439858740625411,None,None,14,10,1.4
269,841320156043304961,None,None,12,10,1.2
270,841314665196081154,Max,None,13,10,1.3
271,841077006473256960,Dawn,None,12,10,1.2
274,840698636975636481,None,None,10,10,1.0
275,840696689258311684,None,None,10,10,1.0
276,840632337062862849,Maddie,None,12,10,1.2
277,840370681858686976,None,None,13,10,1.3
278,840268004936019968,Monty,None,12,10,1.2
279,839990271299457024,Sojourner,None,13,10,1.3
280,839549326359670784,Winston,None,12,10,1.2
282,839239871831150596,Odie,None,13,10,1.3
283,838952994649550848,None,None,13,10,1.3
284,838921590096166913,Arlo,None,13,10,1.3
287,838561493054533637,Walter,None,13,10,1.3
288,838476387338051585,Stanley,None,13,10,1.3
291,838085839343206401,None,None,15,10,1.5
292,838083903487373313,Daisy,None,13,10,1.3
293,837820167694528512,None,pupper,12,10,1.2
294,837482249356513284,Waffles,None,13,10,1.3
295,837471256429613056,Vincent,None,12,10,1.2
296,837366284874571778,Lucy,None,13,10,1.3
297,837110210464448512,Clark,pupper,13,10,1.3
299,836989968035819520,Mookie,None,12,10,1.2
300,836753516572119041,Meera,doggo,12,10,1.2
301,836677758902222849,Oliver,None,11,10,1.1
304,836380477523124226,Ava,pupper,12,10,1.2
305,836260088725786625,Lucy,None,13,10,1.3
306,836001077879255040,None,None,13,10,1.3
308,835574547218894849,Eli,None,11,10,1.1
311,835297930240217089,Ash,None,12,10,1.2
312,835264098648616962,Lola,None,12,10,1.2
314,835172783151792128,None,None,12,10,1.2
315,835152434251116546,None,None,0,10,0.0
316,834931633769889797,Tucker,None,12,10,1.2
317,834786237630337024,Tobi,None,13,10,1.3
318,834574053763584002,None,doggo,13,10,1.3
320,834458053273591808,Chester,None,12,10,1.2
321,834209720923721728,Wilson,None,12,10,1.2
322,834167344700198914,Sunshine,None,11,10,1.1
323,834089966724603904,None,doggo,10,10,1.0
324,834086379323871233,Lipton,None,12,10,1.2
325,833863086058651648,Bentley,None,12,10,1.2
326,833826103416520705,Charlie,None,13,10,1.3
328,833722901757046785,Bronte,None,13,10,1.3
329,833479644947025920,Poppy,None,13,10,1.3
330,833124694597443584,Gidget,pupper,12,10,1.2
331,832998151111966721,Rhino,doggo,13,10,1.3
333,832757312314028032,Willow,None,13,10,1.3
334,832682457690300417,None,None,13,10,1.3
335,832645525019123713,not,None,10,10,1.0
336,832636094638288896,Orion,None,12,10,1.2
337,832397543355072512,Eevee,None,12,10,1.2
338,832369877331693569,Charlie,None,11,10,1.1
339,832273440279240704,Smiley,doggo,14,10,1.4
342,832088576586297345,None,None,11,10,1.1
344,832032802820481025,Miguel,doggo,12,10,1.2
345,831939777352105988,Emanuel,doggo,12,10,1.2
346,831926988323639298,None,None,12,10,1.2
347,831911600680497154,Kuyu,None,14,10,1.4
348,831670449226514432,Daisy,None,13,10,1.3
349,831650051525054464,None,None,13,10,1.3
350,831552930092285952,Dutch,None,13,10,1.3
351,831322785565769729,Pete,doggo,12,10,1.2
352,831315979191906304,None,pupper,13,10,1.3
353,831309418084069378,Scooter,None,12,10,1.2
354,831262627380748289,Tucker,None,12,10,1.2
355,830956169170665475,Reggie,None,12,10,1.2
356,830583320585068544,Lilly,None,13,10,1.3
358,830097400375152640,Samson,None,13,10,1.3
360,829861396166877184,Mia,None,12,10,1.2
361,829501995190984704,Leo,None,12,10,1.2
362,829449946868879360,None,doggo,11,10,1.1
363,829374341691346946,Astrid,doggo,13,10,1.3
364,829141528400556032,Malcolm,None,12,10,1.2
365,829011960981237760,Dexter,None,13,10,1.3
367,828770345708580865,Alfie,None,13,10,1.3
368,828708714936930305,Fiona,None,10,10,1.0
369,828650029636317184,one,None,14,10,1.4
370,828409743546925057,Mutt,None,12,10,1.2
371,828408677031882754,Bear,None,12,10,1.2
372,828381636999917570,Doobert,doggo,14,10,1.4
373,828376505180889089,Beebop,None,13,10,1.3
374,828372645993398273,Alexander,None,12,10,1.2
375,828361771580813312,None,None,12,10,1.2
376,828046555563323392,Sailer,None,13,10,1.3
377,828011680017821696,Brutus,None,11,10,1.1
378,827933404142436356,Kona,pupper,12,10,1.2
379,827653905312006145,Boots,None,12,10,1.2
380,827600520311402496,Tucker,None,13,10,1.3
381,827324948884643840,Ralphie,None,12,10,1.2
383,827199976799354881,Charlie,None,13,10,1.3
384,826958653328592898,Loki,doggo,12,10,1.2
385,826848821049180160,Cupid,doggo,13,10,1.3
387,826598799820865537,None,None,7,10,0.7
388,826598365270007810,Pawnd,None,13,10,1.3
389,826476773533745153,Pilot,doggo,12,10,1.2
390,826240494070030336,None,None,11,10,1.1
391,826204788643753985,None,doggo,13,10,1.3
392,826115272272650244,Ike,None,13,10,1.3
393,825876512159186944,Mo,None,11,10,1.1
394,825829644528148480,Toby,None,12,10,1.2
395,825535076884762624,None,puppo,14,10,1.4
396,825147591692263424,Sweet,None,13,10,1.3
398,825026590719483904,Pablo,puppo,12,10,1.2
400,824775126675836928,Scooter,None,12,10,1.2
401,824663926340194305,Wilson,None,13,10,1.3
402,824325613288833024,None,pupper,13,10,1.3
403,824297048279236611,Nala,None,11,10,1.1
404,824025158776213504,None,None,14,10,1.4
405,823939628516474880,Cash,None,12,10,1.2
407,823699002998870016,Winston,None,12,10,1.2
408,823581115634085888,Crawford,None,11,10,1.1
409,823333489516937216,None,None,13,10,1.3
410,823322678127919110,Wyatt,None,11,10,1.1
412,822975315408461824,Albus,None,12,10,1.2
413,822872901745569793,None,puppo,13,10,1.3
414,822859134160621569,Hobbes,None,12,10,1.2
416,822610361945911296,None,None,12,10,1.2
417,822489057087389700,Paisley,None,13,10,1.3
418,822462944365645825,Gabe,pupper,14,10,1.4
419,822244816520155136,None,None,11,10,1.1
421,821886076407029760,Jimison,None,13,10,1.3
423,821765923262631936,Duchess,doggo,13,10,1.3
424,821522889702862852,Harlso,None,13,10,1.3
426,821407182352777218,Sundance,doggo,14,10,1.4
427,821153421864615936,None,None,13,10,1.3
428,821149554670182400,Luca,None,12,10,1.2
429,821107785811234820,None,doggo,11,10,1.1
430,821044531881721856,Flash,None,12,10,1.2
432,820749716845686786,Sunny,None,13,10,1.3
436,820314633777061888,None,None,14,10,1.4
437,820078625395449857,None,None,12,10,1.2
439,819952236453363712,Oliver,puppo,13,10,1.3
440,819924195358416896,None,doggo,11,10,1.1
441,819711362133872643,Howie,None,11,10,1.1
442,819588359383371776,Jazzy,None,13,10,1.3
443,819347104292290561,Anna,None,12,10,1.2
444,819238181065359361,None,pupper,10,10,1.0
445,819227688460238848,Finn,None,12,10,1.2
448,819006400881917954,Sunny,doggo,14,10,1.4
449,819004803107983360,Bo,doggo,14,10,1.4
451,818627210458333184,Wafer,None,13,10,1.3
452,818614493328580609,Bear,None,12,10,1.2
454,818536468981415936,Tom,None,11,10,1.1
456,818259473185828864,Florence,None,12,10,1.2
457,818145370475810820,Autumn,None,11,10,1.1
458,817908911860748288,None,None,12,10,1.2
459,817827839487737858,Buddy,None,13,10,1.3
460,817777686764523521,Dido,pupper,13,10,1.3
461,817536400337801217,Eugene,None,12,10,1.2
463,817423860136083457,Ken,None,13,10,1.3
464,817415592588222464,Strudel,None,11,10,1.1
466,817171292965273600,Tebow,None,13,10,1.3
467,817120970343411712,None,None,13,10,1.3
468,817056546584727552,Chloe,None,11,10,1.1
470,816816676327063552,Timber,None,12,10,1.2
471,816697700272001025,Binky,None,12,10,1.2
472,816450570814898180,Moose,None,13,10,1.3
473,816336735214911488,Dudley,None,11,10,1.1
474,816091915477250048,Comet,None,12,10,1.2
477,815990720817401858,Jack,None,11,10,1.1
478,815966073409433600,None,pupper,13,10,1.3
480,815736392542261248,Akumi,None,11,10,1.1
481,815639385530101762,Titan,None,12,10,1.2
482,815390420867969024,None,None,13,10,1.3
483,814986499976527872,Cooper,pupper,11,10,1.1
484,814638523311648768,Olivia,None,12,10,1.2
486,814530161257443328,Alf,None,12,10,1.2
487,814153002265309185,Oshie,None,12,10,1.2
489,813910438903693312,Chubbs,doggo,11,10,1.1
490,813812741911748608,Gary,None,14,10,1.4
491,813800681631023104,Sky,None,12,10,1.2
492,813217897535406080,Atlas,None,13,10,1.3
493,813202720496779264,None,doggo,11,10,1.1
494,813187593374461952,None,None,13,10,1.3
495,813172488309972993,Eleanor,None,12,10,1.2
496,813157409116065792,Layla,None,12,10,1.2
497,813142292504645637,None,None,13,10,1.3
498,813130366689148928,None,None,12,10,1.2
499,813127251579564032,None,doggo,11,10,1.1
500,813112105746448384,Toby,None,12,10,1.2
501,813096984823349248,Rocky,doggo,11,10,1.1
502,813081950185472002,Baron,None,11,10,1.1
503,813066809284972545,Tyr,None,12,10,1.2
504,813051746834595840,Bauer,None,13,10,1.3
505,812781120811126785,Swagger,None,10,10,1.0
507,812709060537683968,Brandi,None,12,10,1.2
508,812503143955202048,None,None,13,10,1.3
509,812466873996607488,Mary,None,12,10,1.2
510,812372279581671427,Moe,None,13,10,1.3
511,811985624773361665,Ted,None,11,10,1.1
512,811744202451197953,Halo,None,13,10,1.3
513,811647686436880384,None,None,11,10,1.1
514,811627233043480576,Augie,None,10,10,1.0
515,811386762094317568,Craig,pupper,11,10,1.1
517,810896069567610880,Hunter,None,11,10,1.1
518,810657578271330305,Pavlov,None,11,10,1.1
519,810284430598270976,Phil,None,13,10,1.3
520,810254108431155201,Gus,None,12,10,1.2
521,809920764300447744,None,None,10,10,1.0
523,809448704142938112,None,None,12,10,1.2
524,809220051211603969,Kyro,None,12,10,1.2
525,809084759137812480,Wallace,None,11,10,1.1
526,808838249661788160,Ito,None,13,10,1.3
527,808733504066486276,None,pupper,12,10,1.2
528,808501579447930884,Koda,None,12,10,1.2
529,808344865868283904,Seamus,None,11,10,1.1
531,808106460588765185,None,pupper,12,10,1.2
532,808001312164028416,Cooper,None,12,10,1.2
533,807621403335917568,Ollie,pupper,14,10,1.4
534,807106840509214720,Stephan,None,13,10,1.3
536,807010152071229440,Lennon,None,12,10,1.2
537,806629075125202948,None,None,13,10,1.3
539,806576416489959424,None,None,13,10,1.3
540,806542213899489280,Waffles,None,11,10,1.1
542,806219024703037440,incredibly,None,11,10,1.1
544,805932879469572096,Major,None,12,10,1.2
545,805826884734976000,Duke,None,12,10,1.2
547,805520635690676224,Zeke,None,13,10,1.3
548,805487436403003392,Sansa,None,12,10,1.2
549,805207613751304193,Shooter,None,12,10,1.2
550,804738756058218496,Django,None,12,10,1.2
551,804475857670639616,None,None,13,10,1.3
553,804026241225523202,Bo,None,13,10,1.3
554,803773340896923648,Diogi,puppo,12,10,1.2
556,803638050916102144,None,pupper,13,10,1.3
557,803380650405482500,Sonny,None,12,10,1.2
559,803276597545603072,Winston,None,11,10,1.1
560,802952499103731712,Marley,None,12,10,1.2
562,802600418706604034,Bailey,None,11,10,1.1
563,802572683846291456,Winnie,None,12,10,1.2
564,802323869084381190,Severus,None,13,10,1.3
565,802265048156610565,None,pupper,11,10,1.1
567,802239329049477120,Loki,puppo,12,10,1.2
569,801958328846974976,Ronnie,None,12,10,1.2
570,801854953262350336,None,None,11,10,1.1
571,801538201127157760,Wallace,None,12,10,1.2
572,801285448605831168,None,None,10,10,1.0
573,801167903437357056,Milo,None,13,10,1.3
575,801115127852503040,Bones,pupper,12,10,1.2
576,800859414831898624,None,doggo,11,10,1.1
578,800751577355128832,Mauve,None,12,10,1.2
579,800513324630806528,Chef,None,11,10,1.1
580,800459316964663297,None,pupper,12,10,1.2
582,800388270626521089,Doc,floofer,12,10,1.2
584,800141422401830912,Peaches,None,13,10,1.3
585,800018252395122689,None,doggo,11,10,1.1
587,799757965289017345,Sobe,doggo,13,10,1.3
588,799422933579902976,Longfellow,None,12,10,1.2
590,799297110730567681,Jeffrey,None,11,10,1.1
591,799063482566066176,Mister,None,11,10,1.1
592,798933969379225600,Iroh,None,12,10,1.2
593,798925684722855936,Shadow,None,11,10,1.1
607,798209839306514432,Cooper,None,13,10,1.3
608,797971864723324932,None,pupper,12,10,1.2
609,797545162159308800,Cassie,None,12,10,1.2
610,797236660651966464,Pancake,None,12,10,1.2
611,797165961484890113,None,None,11,10,1.1
613,796865951799083009,Tyr,None,12,10,1.2
614,796759840936919040,Romeo,None,11,10,1.1
616,796484825502875648,None,doggo,12,10,1.2
617,796387464403357696,Snicku,None,12,10,1.2
619,796149749086875649,Ruby,None,11,10,1.1
620,796125600683540480,None,None,13,10,1.3
621,796116448414461957,None,None,11,10,1.1
622,796080075804475393,Yogi,None,12,10,1.2
623,796031486298386433,Daisy,None,13,10,1.3
624,795464331001561088,None,doggo,13,10,1.3
625,795400264262053889,Brody,None,12,10,1.2
626,795076730285391872,Bailey,None,11,10,1.1
628,794926597468000259,Mack,None,12,10,1.2
630,794332329137291264,Nimbus,None,12,10,1.2
631,794205286408003585,Laika,pupper,14,10,1.4
632,793962221541933056,Maximus,None,12,10,1.2
633,793845145112371200,Clark,None,13,10,1.3
635,793601777308463104,Dobby,None,12,10,1.2
636,793500921481273345,Fiona,None,12,10,1.2
637,793286476301799424,Moreton,None,13,10,1.3
638,793271401113350145,Dave,None,12,10,1.2
639,793256262322548741,None,None,12,10,1.2
640,793241302385262592,Tucker,None,13,10,1.3
641,793226087023144960,Juno,None,11,10,1.1
642,793210959003287553,Maude,None,10,10,1.0
643,793195938047070209,Lily,puppo,12,10,1.2
644,793180763617361921,Newt,None,11,10,1.1
645,793165685325201412,Benji,None,12,10,1.2
646,793150605191548928,Nida,None,11,10,1.1
647,793135492858580992,None,None,13,10,1.3
648,793120401413079041,Robin,None,11,10,1.1
649,792913359805018113,a,None,13,10,1.3
650,792883833364439040,Bailey,None,12,10,1.2
651,792773781206999040,Monster,None,12,10,1.2
652,792394556390137856,BeBe,None,12,10,1.2
653,792050063153438720,Remus,None,11,10,1.1
657,791774931465953280,None,None,14,10,1.4
658,791672322847637504,None,None,13,10,1.3
659,791406955684368384,Levi,None,12,10,1.2
660,791312159183634433,Mabel,None,12,10,1.2
662,790987426131050500,Misty,None,12,10,1.2
663,790946055508652032,Betty,puppo,12,10,1.2
665,790698755171364864,Mosby,None,12,10,1.2
666,790581949425475584,Duke,None,11,10,1.1
667,790337589677002753,Maggie,None,12,10,1.2
668,790277117346975746,Bruce,None,11,10,1.1
670,789986466051088384,Happy,None,12,10,1.2
672,789903600034189313,Ralphy,pupper,13,10,1.3
673,789628658055020548,Eli,None,13,10,1.3
674,789599242079838210,Brownie,None,12,10,1.2
675,789530877013393408,Rizzy,None,12,10,1.2
676,789314372632018944,None,None,13,10,1.3
678,789268448748703744,Stella,None,10,10,1.0
679,789137962068021249,Bo,None,12,10,1.2
680,788908386943430656,Lucy,None,11,10,1.1
681,788765914992902144,Butter,None,12,10,1.2
683,788412144018661376,Dexter,None,11,10,1.1
684,788178268662984705,None,None,13,10,1.3
685,788150585577050112,Leo,None,13,10,1.3
687,788039637453406209,None,None,12,10,1.2
688,787810552592695296,Frank,None,11,10,1.1
689,787717603741622272,Tonks,puppo,13,10,1.3
690,787397959788929025,Moose,None,11,10,1.1
691,787322443945877504,Lincoln,None,10,10,1.0
693,786963064373534720,Rory,None,12,10,1.2
696,786664955043049472,None,None,12,10,1.2
697,786595970293370880,Dale,None,11,10,1.1
698,786363235746385920,Rizzo,doggo,13,10,1.3
699,786286427768250368,Arnie,None,12,10,1.2
700,786233965241827333,Mattie,None,11,10,1.1
701,786051337297522688,None,puppo,13,10,1.3
703,785927819176054784,Lucy,None,12,10,1.2
704,785872687017132033,Rusty,None,12,10,1.2
705,785639753186217984,Pinot,pupper,10,10,1.0
706,785533386513321988,Dallas,None,11,10,1.1
707,785515384317313025,None,None,10,10,1.0
708,785264754247995392,Doc,None,12,10,1.2
709,785170936622350336,Hero,None,11,10,1.1
710,784826020293709826,Rusty,None,13,10,1.3
711,784517518371221505,Frankie,None,11,10,1.1
712,784431430411685888,Stormy,None,12,10,1.2
713,784183165795655680,Reginald,puppo,12,10,1.2
714,784057939640352768,Balto,None,12,10,1.2
715,783839966405230592,Riley,None,13,10,1.3
716,783821107061198850,Mairi,None,12,10,1.2
717,783695101801398276,Loomis,None,12,10,1.2
718,783466772167098368,Finn,None,11,10,1.1
719,783391753726550016,Godi,None,13,10,1.3
721,783334639985389568,Dave,None,12,10,1.2
722,783085703974514689,Earl,None,11,10,1.1
723,782969140009107456,Cali,None,12,10,1.2
724,782747134529531904,Deacon,doggo,11,10,1.1
725,782722598790725632,Penny,None,10,10,1.0
726,782598640137187329,Timmy,None,11,10,1.1
727,782305867769217024,Sampson,doggo,12,10,1.2
729,781955203444699136,Chipson,None,11,10,1.1
730,781661882474196992,None,None,5,10,0.5
731,781655249211752448,Combo,doggo,11,10,1.1
732,781524693396357120,None,None,12,10,1.2
733,781308096455073793,None,pupper,12,10,1.2
734,781251288990355457,Oakley,None,11,10,1.1
735,781163403222056960,None,None,10,10,1.0
736,780931614150983680,None,puppo,13,10,1.3
737,780858289093574656,Dash,None,10,10,1.0
738,780800785462489090,Koda,None,11,10,1.1
739,780601303617732608,Hercules,None,12,10,1.2
740,780543529827336192,None,None,12,10,1.2
743,780459368902959104,Bear,None,11,10,1.1
744,780192070812196864,None,None,11,10,1.1
746,780074436359819264,None,doggo,10,10,1.0
747,779834332596887552,Scout,None,11,10,1.1
748,779377524342161408,None,pupper,12,10,1.2
750,779123168116150273,Reggie,None,12,10,1.2
751,779056095788752897,None,None,13,10,1.3
752,778990705243029504,Jay,None,11,10,1.1
754,778764940568104960,None,None,13,10,1.3
755,778748913645780993,Mya,None,11,10,1.1
756,778650543019483137,Strider,None,10,10,1.0
757,778624900596654080,Penny,None,11,10,1.1
758,778408200802557953,None,None,14,10,1.4
760,778383385161035776,Nala,None,13,10,1.3
761,778286810187399168,Stanley,None,11,10,1.1
762,778039087836069888,None,pupper,12,10,1.2
765,777885040357281792,Wesley,None,3,10,0.3
766,777684233540206592,None,None,12,10,1.2
768,777621514455814149,Derek,None,12,10,1.2
769,777189768882946048,Jeffrey,None,12,10,1.2
771,776813020089548800,Solomon,None,12,10,1.2
772,776477788987613185,Huck,pupper,11,10,1.1
774,776218204058357768,None,floofer,13,10,1.3
775,776201521193218049,O,None,10,10,1.0
776,776113305656188928,Sampson,pupper,11,10,1.1
777,776088319444877312,None,None,10,10,1.0
779,775842724423557120,Blue,None,12,10,1.2
780,775733305207554048,Anakin,doggo,11,10,1.1
781,775729183532220416,None,None,13,10,1.3
782,775364825476165632,Finley,doggo,11,10,1.1
783,775350846108426240,Maximus,None,12,10,1.2
785,775085132600442880,Tucker,None,13,10,1.3
786,774757898236878852,Finley,None,12,10,1.2
787,774639387460112384,Sprinkles,None,10,10,1.0
788,774314403806253056,None,None,14,10,1.4
789,773985732834758656,Winnie,pupper,11,10,1.1
790,773922284943896577,Heinrich,None,12,10,1.2
791,773704687002451968,Loki,None,12,10,1.2
792,773670353721753600,Shakespeare,None,10,10,1.0
793,773547596996571136,Chelsea,pupper,11,10,1.1
795,773308824254029826,Bungalo,None,12,10,1.2
796,773247561583001600,Chip,None,10,10,1.0
797,773191612633579521,Grey,None,12,10,1.2
798,772877495989305348,None,None,11,10,1.1
799,772826264096874500,Roosevelt,None,11,10,1.1
801,772581559778025472,a,None,10,10,1.0
802,772193107915964416,Willem,pupper,12,10,1.2
803,772152991789019136,None,None,10,10,1.0
804,772117678702071809,Jack,None,12,10,1.2
805,772114945936949249,Finn,None,10,10,1.0
806,772102971039580160,Penny,None,11,10,1.1
807,771908950375665664,None,doggo,13,10,1.3
808,771770456517009408,Davey,None,11,10,1.1
809,771500966810099713,Dakota,None,12,10,1.2
810,771380798096281600,Fizz,None,11,10,1.1
812,771136648247640064,Dixie,None,11,10,1.1
813,771102124360998913,Charlie,None,12,10,1.2
814,771014301343748096,None,None,7,10,0.7
816,770787852854652928,Winston,None,10,10,1.0
817,770772759874076672,Sebastian,None,11,10,1.1
819,770655142660169732,very,None,11,10,1.1
820,770414278348247044,Al,None,11,10,1.1
821,770293558247038976,Jackson,None,10,10,1.0
823,770069151037685760,Carbon,None,10,10,1.0
824,769940425801170949,Klein,None,12,10,1.2
825,769695466921623552,Titan,None,13,10,1.3
827,769212283578875904,DonDon,None,12,10,1.2
828,768970937022709760,Kirby,None,12,10,1.2
830,768855141948723200,Jesse,None,11,10,1.1
831,768609597686943744,Lou,None,10,10,1.0
832,768596291618299904,Oakley,None,12,10,1.2
834,768473857036525572,Chevy,None,11,10,1.1
835,768193404517830656,Gerald,doggo,8,10,0.8
836,767884188863397888,Tito,None,10,10,1.0
837,767754930266464257,Philbert,None,11,10,1.1
838,767500508068192258,Louie,None,12,10,1.2
839,767191397493538821,None,doggo,13,10,1.3
840,767122157629476866,Rupert,None,13,10,1.3
842,766793450729734144,Rufus,None,10,10,1.0
843,766714921925144576,None,None,13,10,1.3
844,766693177336135680,Brudge,None,11,10,1.1
845,766423258543644672,Shadoe,None,9,10,0.9
846,766313316352462849,Oscar,None,12,10,1.2
848,766069199026450432,Juno,None,12,10,1.2
849,766008592277377025,Angel,None,11,10,1.1
850,765719909049503744,Brat,None,12,10,1.2
851,765669560888528897,Tove,None,12,10,1.2
852,765395769549590528,my,None,13,10,1.3
853,765371061932261376,Louie,pupper,11,10,1.1
854,765222098633691136,Gromit,None,10,10,1.0
855,764857477905154048,Aubie,None,12,10,1.2
856,764259802650378240,Kota,None,10,10,1.0
857,763956972077010945,None,doggo,12,10,1.2
858,763837565564780549,Alfie,None,11,10,1.1
859,763183847194451968,Clark,None,8,10,0.8
861,763103485927849985,Belle,None,10,10,1.0
862,762699858130116608,Leela,None,11,10,1.1
863,762471784394268675,Glenn,None,12,10,1.2
864,762464539388485633,Buddy,None,12,10,1.2
865,762316489655476224,Scout,None,11,10,1.1
866,762035686371364864,None,None,14,10,1.4
867,761976711479193600,Shelby,None,12,10,1.2
869,761745352076779520,None,None,11,10,1.1
870,761672994376806400,None,None,10,10,1.0
871,761599872357261312,Sephie,None,11,10,1.1
873,761334018830917632,Bruce,None,10,10,1.0
874,761292947749015552,Bonaparte,None,11,10,1.1
875,761227390836215808,Albert,None,10,10,1.0
876,761004547850530816,Bo,None,11,10,1.1
877,760893934457552897,Wishes,doggo,11,10,1.1
878,760656994973933572,Rose,None,11,10,1.1
879,760641137271070720,Theo,None,12,10,1.2
880,760539183865880579,Atlas,None,12,10,1.2
881,760521673607086080,None,doggo,12,10,1.2
882,760290219849637889,Rocco,None,13,10,1.3
883,760252756032651264,Fido,None,4,10,0.4
884,760190180481531904,Sadie,None,10,10,1.0
886,759943073749200896,None,pupper,12,10,1.2
887,759923798737051648,None,None,10,10,1.0
888,759846353224826880,Kirby,None,11,10,1.1
889,759793422261743616,Maggie,pupper,12,10,1.2
891,759557299618865152,Emma,None,10,10,1.0
892,759447681597108224,Oakley,None,11,10,1.1
893,759446261539934208,None,None,10,10,1.0
894,759197388317847553,Luna,None,12,10,1.2
896,759099523532779520,Toby,None,7,10,0.7
897,759047813560868866,Spencer,None,11,10,1.1
898,758854675097526272,Lilli,None,11,10,1.1
899,758828659922702336,None,doggo,13,10,1.3
900,758740312047005698,Boston,None,12,10,1.2
901,758474966123810816,Brandonald,None,11,10,1.1
903,758405701903519748,Odie,None,10,10,1.0
904,758355060040593408,Corey,None,11,10,1.1
905,758099635764359168,None,None,13,10,1.3
906,758041019896193024,None,None,9,10,0.9
907,757741869644341248,Leonard,None,10,10,1.0
909,757725642876129280,Beckham,None,11,10,1.1
910,757611664640446465,Cooper,None,12,10,1.2
912,757596066325864448,None,None,4,10,0.4
913,757400162377592832,None,None,13,10,1.3
914,757393109802180609,None,doggo,10,10,1.0
915,757354760399941633,Devón,None,8,10,0.8
916,756998049151549440,Oliver,None,11,10,1.1
917,756939218950160384,Jax,pupper,12,10,1.2
918,756651752796094464,Gert,None,11,10,1.1
919,756526248105566208,None,doggo,13,10,1.3
920,756303284449767430,None,None,11,10,1.1
921,756288534030475264,None,None,12,10,1.2
922,756275833623502848,None,puppo,10,10,1.0
923,755955933503782912,None,pupper,12,10,1.2
924,755206590534418437,one,doggo,14,10,1.4
925,755110668769038337,Watson,None,13,10,1.3
927,754856583969079297,Winnie,None,11,10,1.1
928,754747087846248448,Keith,None,12,10,1.2
929,754482103782404096,Milo,None,10,10,1.0
930,754449512966619136,Dex,None,11,10,1.1
931,754120377874386944,None,None,10,10,1.0
932,754011816964026368,Charlie,None,12,10,1.2
933,753655901052166144,None,None,10,10,1.0
934,753420520834629632,None,None,11,10,1.1
935,753398408988139520,Scout,None,12,10,1.2
936,753375668877008896,Hank,None,8,10,0.8
938,753294487569522689,Ace,None,11,10,1.1
939,753039830821511168,None,None,13,10,1.3
940,753026973505581056,Tayzie,None,10,10,1.0
941,752932432744185856,Carl,None,12,10,1.2
942,752917284578922496,Grizzie,None,11,10,1.1
944,752682090207055872,None,doggo,10,10,1.0
945,752660715232722944,None,doggo,10,10,1.0
946,752568224206688256,None,None,9,10,0.9
947,752519690950500352,None,puppo,11,10,1.1
948,752334515931054080,None,doggo,8,10,0.8
950,752173152931807232,Brody,None,12,10,1.2
951,751950017322246144,Lola,pupper,13,10,1.3
952,751937170840121344,Ruby,None,11,10,1.1
953,751830394383790080,Tucker,None,12,10,1.2
954,751793661361422336,Fred,None,11,10,1.1
955,751598357617971201,Toby,None,13,10,1.3
956,751583847268179968,None,pupper,5,10,0.5
957,751538714308972544,Max,None,10,10,1.0
958,751456908746354688,None,pupper,12,10,1.2
959,751251247299190784,Gilbert,None,10,10,1.0
960,751205363882532864,None,None,12,10,1.2
961,751132876104687617,Cooper,puppo,10,10,1.0
962,750868782890057730,Milo,pupper,11,10,1.1
963,750719632563142656,Meyer,None,12,10,1.2
964,750506206503038976,Malcolm,pupper,8,10,0.8
965,750429297815552001,Arnie,None,12,10,1.2
966,750383411068534784,Zoe,pupper,9,10,0.9
967,750381685133418496,None,doggo,13,10,1.3
968,750147208377409536,None,None,13,10,1.3
969,750132105863102464,Stewie,None,11,10,1.1
970,750117059602808832,Calvin,None,10,10,1.0
971,750101899009982464,Lilah,None,11,10,1.1
972,750086836815486976,Spanky,None,12,10,1.2
973,750071704093859840,None,pupper,10,10,1.0
974,750056684286914561,Jameson,None,11,10,1.1
975,750041628174217216,Beau,None,13,10,1.3
976,750026558547456000,Jax,None,10,10,1.0
977,750011400160841729,Piper,doggo,11,10,1.1
978,749996283729883136,Bo,None,12,10,1.2
980,749774190421639168,Lucy,None,12,10,1.2
981,749417653287129088,Finn,pupper,11,10,1.1
982,749403093750648834,None,None,10,10,1.0
983,749395845976588288,George,None,10,10,1.0
984,749317047558017024,Blu,floofer,12,10,1.2
985,749075273010798592,Boomer,doggo,11,10,1.1
986,749064354620928000,Winston,None,11,10,1.1
987,749036806121881602,Dietrich,None,8,10,0.8
988,748977405889503236,not,None,10,10,1.0
989,748932637671223296,Divine,doggo,13,10,1.3
990,748705597323898880,None,None,13,10,1.3
991,748699167502000129,Tripp,None,11,10,1.1
992,748692773788876800,his,doggo,10,10,1.0
993,748575535303884801,one,None,6,10,0.6
994,748568946752774144,Cora,None,12,10,1.2
995,748346686624440324,None,None,10,10,1.0
996,748337862848962560,None,pupper,13,10,1.3
997,748324050481647620,Duke,None,11,10,1.1
998,748307329658011649,None,None,7,10,0.7
999,748220828303695873,None,None,13,10,1.3
1000,747963614829678593,None,pupper,10,10,1.0
1001,747933425676525569,None,None,11,10,1.1
1002,747885874273214464,a,None,8,10,0.8
1003,747844099428986880,Huxley,None,11,10,1.1
1004,747816857231626240,a,None,4,10,0.4
1005,747651430853525504,None,pupper,12,10,1.2
1006,747648653817413632,Keurig,None,12,10,1.2
1007,747600769478692864,Bookstore,None,10,10,1.0
1008,747594051852075008,None,None,11,10,1.1
1009,747512671126323200,None,None,10,10,1.0
1010,747461612269887489,None,None,10,10,1.0
1011,747439450712596480,Linus,None,12,10,1.2
1013,747219827526344708,Atticus,None,11,10,1.1
1014,747204161125646336,Clark,None,10,10,1.0
1015,747103485104099331,None,None,11,10,1.1
1016,746906459439529985,None,None,0,10,0.0
1017,746872823977771008,a,None,11,10,1.1
1018,746818907684614144,None,None,13,10,1.3
1019,746790600704425984,None,None,10,10,1.0
1020,746757706116112384,Maddie,None,11,10,1.1
1021,746726898085036033,Abby,None,12,10,1.2
1022,746542875601690625,None,floofer,11,10,1.1
1024,746507379341139972,Shiloh,None,10,10,1.0
1025,746369468511756288,an,None,9,10,0.9
1026,746131877086527488,Gustav,None,10,10,1.0
1027,746056683365994496,Arlen,None,11,10,1.1
1028,745789745784041472,Gus,None,10,10,1.0
1029,745712589599014916,Percy,None,7,10,0.7
1030,745433870967832576,Lenox,doggo,10,10,1.0
1031,745422732645535745,very,None,9,10,0.9
1032,745314880350101504,Sugar,None,12,10,1.2
1033,745074613265149952,Jeffrey,None,11,10,1.1
1034,745057283344719872,Oliver,None,12,10,1.2
1035,744995568523612160,Abby,puppo,9,10,0.9
1036,744971049620602880,Indie,None,12,10,1.2
1037,744709971296780288,Harvey,None,10,10,1.0
1038,744334592493166593,Blanket,None,11,10,1.1
1039,744234799360020481,None,doggo,13,10,1.3
1040,744223424764059648,actually,pupper,12,10,1.2
1041,743980027717509120,Geno,None,11,10,1.1
1042,743895849529389061,None,None,10,10,1.0
1044,743609206067040256,Stark,None,10,10,1.0
1045,743595368194129920,Harold,None,7,10,0.7
1046,743545585370791937,Bentley,None,11,10,1.1
1047,743510151680958465,Beya,None,13,10,1.3
1048,743253157753532416,Kilo,puppo,10,10,1.0
1049,743222593470234624,a,pupper,12,10,1.2
1050,743210557239623680,Kayla,None,10,10,1.0
1051,742534281772302336,None,doggo,11,10,1.1
1052,742528092657332225,Maxaroni,None,10,10,1.0
1053,742465774154047488,None,pupper,14,10,1.4
1054,742423170473463808,Bell,None,12,10,1.2
1055,742385895052087300,Phil,None,11,10,1.1
1056,742161199639494656,Doug,None,12,10,1.2
1057,742150209887731712,Edmund,pupper,8,10,0.8
1058,741793263812808706,None,None,10,10,1.0
1059,741743634094141440,Aqua,pupper,11,10,1.1
1060,741438259667034112,Tucker,None,9,10,0.9
1061,741303864243200000,Theodore,None,12,10,1.2
1062,741099773336379392,Ted,None,11,10,1.1
1063,741067306818797568,just,pupper,12,10,1.2
1064,740995100998766593,Leo,None,10,10,1.0
1065,740711788199743490,None,None,9,10,0.9
1066,740699697422163968,Chip,None,8,10,0.8
1067,740676976021798912,Baloo,pupper,11,10,1.1
1068,740373189193256964,None,None,9,10,0.9
1069,740365076218183684,None,None,10,10,1.0
1070,740359016048689152,Chase,None,9,10,0.9
1071,740214038584557568,getting,None,10,10,1.0
1072,739979191639244800,Nollie,None,12,10,1.2
1073,739932936087216128,Rorie,None,10,10,1.0
1074,739844404073074688,Simba,None,12,10,1.2
1075,739623569819336705,None,doggo,12,10,1.2
1076,739606147276148736,Benji,pupper,9,10,0.9
1077,739544079319588864,None,None,10,10,1.0
1078,739485634323156992,Kyle,None,6,10,0.6
1079,739238157791694849,None,doggo,13,10,1.3
1080,738891149612572673,None,None,13,10,1.3
1081,738885046782832640,Charles,None,11,10,1.1
1082,738883359779196928,None,None,10,10,1.0
1083,738537504001953792,Bayley,puppo,11,10,1.1
1084,738402415918125056,None,None,10,10,1.0
1085,738184450748633089,None,None,9,10,0.9
1086,738166403467907072,Axel,None,12,10,1.2
1087,738156290900254721,Storkson,None,10,10,1.0
1088,737826014890496000,Remy,None,10,10,1.0
1089,737800304142471168,Bella,None,10,10,1.0
1090,737678689543020544,None,None,11,10,1.1
1091,737445876994609152,None,floofer,13,10,1.3
1092,737322739594330112,Lily,None,9,10,0.9
1093,737310737551491075,None,None,13,10,1.3
1094,736736130620620800,Chadrick,None,13,10,1.3
1095,736392552031657984,mad,pupper,13,10,1.3
1096,736365877722001409,Rory,pupper,11,10,1.1
1097,736225175608430592,very,None,10,10,1.0
1098,736010884653420544,None,None,10,10,1.0
1099,735991953473572864,Maxaroni,None,11,10,1.1
1100,735648611367784448,None,pupper,12,10,1.2
1101,735635087207878657,Dakota,None,11,10,1.1
1102,735274964362878976,None,None,11,10,1.1
1103,735256018284875776,Kellogg,doggo,8,10,0.8
1104,735137028879360001,Buckley,pupper,9,10,0.9
1105,734912297295085568,Jax,None,10,10,1.0
1106,734787690684657664,None,None,13,10,1.3
1107,734776360183431168,Livvie,None,11,10,1.1
1108,734559631394082816,None,None,10,10,1.0
1109,733828123016450049,Terry,None,10,10,1.0
1110,733822306246479872,Moose,floofer,10,10,1.0
1111,733482008106668032,None,None,10,10,1.0
1112,733460102733135873,Hermione,None,11,10,1.1
1113,733109485275860992,None,pupper,12,10,1.2
1114,732732193018155009,Ralpher,None,12,10,1.2
1115,732726085725589504,Aldrick,None,11,10,1.1
1116,732585889486888962,None,None,10,10,1.0
1117,732375214819057664,Kyle,doggo,11,10,1.1
1118,732005617171337216,Larry,None,11,10,1.1
1119,731285275100512256,Solomon,None,12,10,1.2
1121,730924654643314689,unacceptable,None,9,10,0.9
1122,730573383004487680,Rooney,pupper,10,10,1.0
1123,730427201120833536,Crystal,None,11,10,1.1
1124,730211855403241472,Ziva,None,11,10,1.1
1125,730196704625098752,Charles,None,6,10,0.6
1126,729854734790754305,Ollie,None,11,10,1.1
1127,729838605770891264,None,None,12,10,1.2
1128,729823566028484608,Stefan,None,13,10,1.3
1129,729463711119904772,Pupcasso,None,13,10,1.3
1130,729113531270991872,None,None,10,10,1.0
1131,728986383096946689,Puff,None,11,10,1.1
1132,728760639972315136,None,None,13,10,1.3
1133,728751179681943552,Flurpson,None,10,10,1.0
1134,728653952833728512,Coleman,None,8,10,0.8
1135,728409960103686147,Wallace,None,10,10,1.0
1136,728387165835677696,Enchilada,None,12,10,1.2
1137,728046963732717569,Raymond,None,11,10,1.1
1138,728035342121635841,all,pupper,12,10,1.2
1139,728015554473250816,Rueben,pupper,11,10,1.1
1140,727685679342333952,Cilantro,None,12,10,1.2
1141,727644517743104000,None,doggo,13,10,1.3
1142,727524757080539137,None,pupper,10,10,1.0
1143,727314416056803329,None,pupper,11,10,1.1
1144,727286334147182592,None,None,9,10,0.9
1145,727175381690781696,Karll,None,10,10,1.0
1146,727155742655025152,None,None,11,10,1.1
1147,726935089318363137,Sprout,None,12,10,1.2
1148,726887082820554753,Blitz,None,10,10,1.0
1149,726828223124897792,Bloop,None,12,10,1.2
1150,726224900189511680,None,None,9,10,0.9
1151,725842289046749185,Colby,None,12,10,1.2
1152,725786712245440512,Lillie,pupper,11,10,1.1
1153,725729321944506368,Lola,None,12,10,1.2
1154,725458796924002305,None,None,13,10,1.3
1155,724983749226668032,Fred,None,12,10,1.2
1156,724771698126512129,None,doggo,11,10,1.1
1157,724405726123311104,Ashleigh,pupper,10,10,1.0
1158,724049859469295616,Kreggory,None,10,10,1.0
1159,724046343203856385,Sarge,None,10,10,1.0
1160,724004602748780546,Luther,pupper,11,10,1.1
1161,723912936180330496,Sugar,None,12,10,1.2
1162,723688335806480385,Reginald,None,12,10,1.2
1163,723673163800948736,Ivar,None,10,10,1.0
1164,723179728551723008,Jangle,None,8,10,0.8
1165,722974582966214656,None,None,4,10,0.4
1166,722613351520608256,Schnitzel,None,12,10,1.2
1167,721503162398597120,Panda,None,11,10,1.1
1168,721001180231503872,Oliver,pupper,11,10,1.1
1169,720785406564900865,Archie,None,12,10,1.2
1170,720775346191278080,Berkeley,None,10,10,1.0
1171,720415127506415616,None,None,10,10,1.0
1172,720389942216527872,Ralphé,None,11,10,1.1
1173,720340705894408192,Derek,pupper,10,10,1.0
1174,720059472081784833,Charleson,None,9,10,0.9
1175,720043174954147842,Neptune,None,11,10,1.1
1176,719991154352222208,None,doggo,10,10,1.0
1177,719704490224398336,Clyde,pupper,12,10,1.2
1178,719551379208073216,Harnold,None,10,10,1.0
1179,719367763014393856,Sid,None,11,10,1.1
1180,719339463458033665,Lucy,None,10,10,1.0
1181,719332531645071360,Pippa,None,11,10,1.1
1182,718971898235854848,Sadie,None,10,10,1.0
1183,718939241951195136,Otis,None,12,10,1.2
1184,718631497683582976,None,None,10,10,1.0
1185,718613305783398402,Carper,None,11,10,1.1
1186,718540630683709445,None,None,10,10,1.0
1187,718460005985447936,Bowie,None,9,10,0.9
1188,718454725339934721,None,None,13,10,1.3
1189,718246886998687744,Alexanderson,None,3,10,0.3
1190,718234618122661888,Suki,None,11,10,1.1
1191,717841801130979328,Barclay,None,11,10,1.1
1192,717790033953034240,None,pupper,10,10,1.0
1193,717537687239008257,a,None,11,10,1.1
1194,717428917016076293,Skittle,None,11,10,1.1
1195,717421804990701568,Ebby,None,9,10,0.9
1196,717047459982213120,Flávio,None,12,10,1.2
1197,717009362452090881,Smokey,pupper,10,10,1.0
1198,716802964044845056,Link,None,10,10,1.0
1199,716791146589110272,Jennifur,None,11,10,1.1
1200,716730379797970944,None,None,12,10,1.2
1201,716447146686459905,Ozzy,pupper,13,10,1.3
1203,716285507865542656,Stephanus,None,12,10,1.2
1204,716080869887381504,None,doggo,11,10,1.1
1205,715928423106027520,Bubbles,None,11,10,1.1
1206,715758151270801409,old,None,13,10,1.3
1207,715733265223708672,a,None,10,10,1.0
1208,715704790270025728,Bentley,None,11,10,1.1
1209,715696743237730304,Toby,None,10,10,1.0
1210,715680795826982913,Zeus,None,12,10,1.2
1211,715360349751484417,Bertson,None,11,10,1.1
1212,715342466308784130,Oscar,None,10,10,1.0
1213,715220193576927233,Nico,None,10,10,1.0
1214,715200624753819648,Michelangelope,None,12,10,1.2
1215,715009755312439296,Siba,None,12,10,1.2
1216,714982300363173890,Calbert,None,9,10,0.9
1217,714962719905021952,None,None,12,10,1.2
1218,714957620017307648,Curtis,None,10,10,1.0
1219,714631576617938945,Benedict,None,4,10,0.4
1220,714606013974974464,None,None,12,10,1.2
1221,714485234495041536,Blitz,None,10,10,1.0
1222,714258258790387713,Travis,None,10,10,1.0
1223,714251586676113411,Thumas,None,8,10,0.8
1224,714214115368108032,None,None,13,10,1.3
1225,714141408463036416,None,None,10,10,1.0
1226,713919462244790272,Kanu,None,12,10,1.2
1227,713909862279876608,Doug,None,12,10,1.2
1229,713761197720473600,Piper,None,12,10,1.2
1230,713411074226274305,None,None,11,10,1.1
1231,713177543487135744,Lance,None,10,10,1.0
1232,713175907180089344,Opie,None,10,10,1.0
1233,712809025985978368,Stubert,None,10,10,1.0
1234,712717840512598017,None,None,10,10,1.0
1235,712668654853337088,Sunny,None,10,10,1.0
1236,712438159032893441,Kane,None,11,10,1.1
1237,712309440758808576,None,pupper,12,10,1.2
1238,712097430750289920,None,None,10,10,1.0
1239,712092745624633345,Steven,None,7,10,0.7
1240,712085617388212225,Olive,None,11,10,1.1
1241,712065007010385924,Chester,None,6,10,0.6
1243,711968124745228288,Winston,pupper,10,10,1.0
1244,711743778164514816,Roosevelt,None,11,10,1.1
1245,711732680602345472,None,None,10,10,1.0
1246,711694788429553666,None,None,13,10,1.3
1247,711652651650457602,Gary,None,9,10,0.9
1248,711363825979756544,None,None,11,10,1.1
1249,711306686208872448,None,None,3,10,0.3
1250,711008018775851008,Chuckles,pupper,11,10,1.1
1251,710997087345876993,Milo,None,12,10,1.2
1252,710844581445812225,Staniel,None,10,10,1.0
1253,710833117892898816,Sora,None,12,10,1.2
1255,710609963652087808,None,None,12,10,1.2
1256,710588934686908417,Beemo,None,12,10,1.2
1257,710296729921429505,Oshie,None,12,10,1.2
1258,710283270106132480,Gunner,None,11,10,1.1
1259,710272297844797440,infuriating,None,11,10,1.1
1260,710269109699739648,None,None,13,10,1.3
1261,710153181850935296,Lacy,None,11,10,1.1
1262,710140971284037632,Tater,None,8,10,0.8
1263,710117014656950272,None,pupper,11,10,1.1
1264,709918798883774466,Watson,None,12,10,1.2
1265,709901256215666688,None,None,12,10,1.2
1266,709852847387627521,None,None,12,10,1.2
1267,709566166965075968,Olaf,None,12,10,1.2
1268,709556954897764353,Cecil,None,12,10,1.2
1269,709519240576036864,Vince,None,9,10,0.9
1270,709449600415961088,Karma,None,10,10,1.0
1271,709409458133323776,Billy,None,8,10,0.8
1272,709225125749587968,Walker,None,11,10,1.1
1273,709207347839836162,Penny,None,11,10,1.1
1275,709179584944730112,Sammy,None,13,10,1.3
1276,709158332880297985,Rodney,None,10,10,1.0
1277,709042156699303936,Klevin,None,9,10,0.9
1278,708853462201716736,Lucy,None,8,10,0.8
1279,708845821941387268,None,pupper,9,10,0.9
1280,708834316713893888,Malikai,None,10,10,1.0
1281,708810915978854401,Mister,None,10,10,1.0
1282,708738143638450176,Coco,None,11,10,1.1
1283,708711088997666817,Smokey,None,11,10,1.1
1284,708479650088034305,Bear,None,13,10,1.3
1285,708469915515297792,Bobble,None,11,10,1.1
1286,708400866336894977,None,None,12,10,1.2
1287,708356463048204288,Oliver,None,10,10,1.0
1288,708349470027751425,River,None,11,10,1.1
1289,708149363256774660,Jebberson,None,10,10,1.0
1290,708130923141795840,None,None,11,10,1.1
1291,708119489313951744,Cooper,None,9,10,0.9
1292,708109389455101952,Remington,None,10,10,1.0
1293,708026248782585858,None,None,13,10,1.3
1294,707995814724026368,Farfle,None,12,10,1.2
1295,707983188426153984,None,None,12,10,1.2
1296,707969809498152960,Rufus,None,11,10,1.1
1297,707776935007539200,Sadie,None,11,10,1.1
1298,707741517457260545,None,None,10,10,1.0
1299,707738799544082433,None,None,12,10,1.2
1300,707693576495472641,Jiminus,None,7,10,0.7
1301,707629649552134146,None,None,10,10,1.0
1302,707610948723478529,Harper,None,12,10,1.2
1303,707420581654872064,Keurig,None,4,10,0.4
1304,707411934438625280,None,pupper,11,10,1.1
1305,707387676719185920,Clarkus,None,10,10,1.0
1306,707377100785885184,None,None,9,10,0.9
1307,707315916783140866,Finnegus,pupper,10,10,1.0
1308,707297311098011648,Cassie,None,10,10,1.0
1309,707059547140169728,Cupcake,None,11,10,1.1
1310,707038192327901184,Kathmandu,None,10,10,1.0
1311,707021089608753152,Tucker,None,12,10,1.2
1312,707014260413456384,Ellie,None,11,10,1.1
1313,706904523814649856,None,None,13,10,1.3
1314,706901761596989440,Elliot,None,3,10,0.3
1315,706681918348251136,Katie,None,12,10,1.2
1316,706644897839910912,Shadow,None,9,10,0.9
1317,706593038911545345,None,None,10,10,1.0
1318,706538006853918722,Oliver,None,11,10,1.1
1319,706516534877929472,None,None,12,10,1.2
1320,706346369204748288,Koda,None,12,10,1.2
1321,706310011488698368,None,pupper,12,10,1.2
1322,706291001778950144,None,None,11,10,1.1
1323,706265994973601792,Kara,None,11,10,1.1
1324,706169069255446529,None,None,12,10,1.2
1325,706166467411222528,Dexter,None,7,10,0.7
1326,706153300320784384,Layla,None,13,10,1.3
1327,705975130514706432,Adele,pupper,10,10,1.0
1328,705970349788291072,Lucy,None,12,10,1.2
1329,705898680587526145,Max,None,10,10,1.0
1330,705786532653883392,None,pupper,11,10,1.1
1331,705591895322394625,None,None,11,10,1.1
1332,705475953783398401,Zara,None,12,10,1.2
1333,705442520700944385,Cooper,None,12,10,1.2
1334,705428427625635840,Ambrose,pupper,11,10,1.1
1335,705239209544720384,Jimothy,None,11,10,1.1
1336,705223444686888960,Bode,None,9,10,0.9
1337,705102439679201280,Terrenth,None,10,10,1.0
1338,705066031337840642,Reese,None,12,10,1.2
1339,704871453724954624,None,None,12,10,1.2
1340,704859558691414016,a,pupper,10,10,1.0
1341,704847917308362754,None,None,12,10,1.2
1342,704819833553219584,Chesterson,None,7,10,0.7
1343,704761120771465216,None,pupper,13,10,1.3
1344,704499785726889984,None,None,12,10,1.2
1345,704491224099647488,None,None,13,10,1.3
1346,704480331685040129,Lucia,None,11,10,1.1
1347,704364645503647744,Bisquick,None,12,10,1.2
1348,704347321748819968,Ralphson,pupper,10,10,1.0
1349,704134088924532736,None,pupper,12,10,1.2
1350,704113298707505153,Stanley,None,8,10,0.8
1352,703774238772166656,None,None,10,10,1.0
1353,703769065844768768,None,None,10,10,1.0
1354,703631701117943808,Bella,None,11,10,1.1
1355,703611486317502464,Scooter,pupper,10,10,1.0
1356,703425003149250560,None,None,9,10,0.9
1357,703407252292673536,None,pupper,10,10,1.0
1358,703382836347330562,Charlie,None,12,10,1.2
1359,703356393781329922,Socks,None,9,10,0.9
1360,703268521220972544,None,pupper,12,10,1.2
1361,703079050210877440,a,None,11,10,1.1
1362,703041949650034688,an,None,10,10,1.0
1363,702932127499816960,Chip,None,6,10,0.6
1364,702899151802126337,Luna,None,12,10,1.2
1365,702684942141153280,Lucy,None,11,10,1.1
1366,702671118226825216,Rambo,None,10,10,1.0
1367,702598099714314240,Sansa,pupper,11,10,1.1
1368,702539513671897089,a,None,12,10,1.2
1369,702332542343577600,Rudy,None,13,10,1.3
1370,702321140488925184,None,None,12,10,1.2
1371,702276748847800320,None,None,11,10,1.1
1372,702217446468493312,None,None,9,10,0.9
1373,701981390485725185,Fiji,None,12,10,1.2
1374,701952816642965504,Rilo,None,11,10,1.1
1375,701889187134500865,Bilbo,None,11,10,1.1
1376,701805642395348998,None,pupper,11,10,1.1
1377,701601587219795968,Coopson,None,10,10,1.0
1378,701570477911896070,Yoda,None,9,10,0.9
1379,701545186879471618,Millie,pupper,10,10,1.0
1380,701214700881756160,None,None,12,10,1.2
1381,700890391244103680,Chet,None,11,10,1.1
1382,700864154249383937,a,pupper,12,10,1.2
1383,700847567345688576,Crouton,None,10,10,1.0
1384,700796979434098688,Daniel,None,7,10,0.7
1385,700747788515020802,very,None,11,10,1.1
1386,700518061187723268,Vincent,None,10,10,1.0
1387,700505138482569216,Kaia,None,12,10,1.2
1388,700462010979500032,Murphy,None,6,10,0.6
1389,700167517596164096,Dotsy,None,10,10,1.0
1390,700151421916807169,None,pupper,11,10,1.1
1391,700143752053182464,None,pupper,10,10,1.0
1392,700062718104104960,Eazy,None,6,10,0.6
1393,700029284593901568,Coops,None,10,10,1.0
1394,700002074055016451,Thumas,None,9,10,0.9
1395,699801817392291840,Cooper,pupper,11,10,1.1
1396,699788877217865730,Nala,None,12,10,1.2
1397,699779630832685056,None,None,10,10,1.0
1398,699775878809702401,Fillup,None,11,10,1.1
1399,699691744225525762,Dave,None,5,10,0.5
1400,699446877801091073,Archie,None,12,10,1.2
1401,699434518667751424,None,pupper,12,10,1.2
1402,699423671849451520,None,None,10,10,1.0
1403,699413908797464576,Miley,None,11,10,1.1
1404,699370870310113280,Calbert,None,11,10,1.1
1405,699323444782047232,None,None,10,10,1.0
1406,699088579889332224,Charl,None,3,10,0.3
1407,699079609774645248,Reagan,None,8,10,0.8
1408,699072405256409088,None,None,12,10,1.2
1409,699060279947165696,Yukon,None,12,10,1.2
1410,699036661657767936,None,pupper,13,10,1.3
1411,698989035503689728,Oliver,None,13,10,1.3
1412,698953797952008193,CeCe,None,11,10,1.1
1413,698907974262222848,None,None,10,10,1.0
1414,698710712454139905,Cuddles,None,10,10,1.0
1415,698703483621523456,Rusty,None,7,10,0.7
1416,698635131305795584,None,None,12,10,1.2
1417,698549713696649216,Claude,None,9,10,0.9
1418,698355670425473025,Jessiga,None,10,10,1.0
1419,698342080612007937,Maximus,None,11,10,1.1
1420,698262614669991936,Franklin,None,11,10,1.1
1421,698195409219559425,Beau,None,9,10,0.9
1422,698178924120031232,Lily,None,10,10,1.0
1423,697995514407682048,None,None,11,10,1.1
1424,697990423684476929,Doug,None,11,10,1.1
1425,697943111201378304,Cassie,None,10,10,1.0
1426,697881462549430272,Carter,None,10,10,1.0
1427,697630435728322560,None,None,8,10,0.8
1428,697616773278015490,None,pupper,11,10,1.1
1429,697596423848730625,None,pupper,11,10,1.1
1430,697575480820686848,Ole,None,8,10,0.8
1431,697516214579523584,Pherb,None,9,10,0.9
1432,697482927769255936,Blipson,None,11,10,1.1
1434,697270446429966336,Bentley,None,10,10,1.0
1435,697259378236399616,getting,None,8,10,0.8
1436,697255105972801536,Charlie,None,10,10,1.0
1437,697242256848379904,Oakley,None,10,10,1.0
1438,696900204696625153,Rosie,None,12,10,1.2
1439,696894894812565505,None,None,9,10,0.9
1440,696886256886657024,None,None,12,10,1.2
1441,696877980375769088,Misty,pupper,9,10,0.9
1442,696754882863349760,Reptar,None,10,10,1.0
1443,696744641916489729,Klevin,None,10,10,1.0
1444,696713835009417216,Trevith,pupper,9,10,0.9
1445,696518437233913856,None,pupper,10,10,1.0
1446,696490539101908992,None,None,1,10,0.1
1447,696488710901260288,None,None,12,10,1.2
1448,696405997980676096,Berb,None,7,10,0.7
1449,696100768806522880,None,pupper,10,10,1.0
1450,695816827381944320,None,None,11,10,1.1
1451,695794761660297217,Wyatt,None,13,10,1.3
1452,695767669421768709,None,None,13,10,1.3
1453,695629776980148225,Calvin,None,8,10,0.8
1454,695446424020918272,None,None,12,10,1.2
1455,695409464418041856,Bob,None,10,10,1.0
1456,695314793360662529,Colin,None,10,10,1.0
1457,695095422348574720,just,pupper,12,10,1.2
1458,695074328191332352,Lorenzo,pupper,11,10,1.1
1459,695064344191721472,None,None,4,10,0.4
1460,695051054296211456,Brian,None,6,10,0.6
1461,694925794720792577,None,None,5,10,0.5
1462,694905863685980160,Archie,None,10,10,1.0
1463,694669722378485760,Phil,None,12,10,1.2
1464,694356675654983680,None,pupper,10,10,1.0
1465,694352839993344000,Oliviér,None,10,10,1.0
1466,694342028726001664,None,None,11,10,1.1
1467,694329668942569472,Grady,pupper,9,10,0.9
1468,694206574471057408,None,None,10,10,1.0
1469,694183373896572928,Lola,None,9,10,0.9
1470,694001791655137281,Chester,None,11,10,1.1
1471,693993230313091072,None,None,12,10,1.2
1472,693942351086120961,Kobe,None,10,10,1.0
1473,693647888581312512,None,None,7,10,0.7
1474,693644216740769793,None,None,10,10,1.0
1475,693642232151285760,Freddery,None,9,10,0.9
1476,693629975228977152,None,pupper,12,10,1.2
1477,693622659251335168,None,None,10,10,1.0
1478,693590843962331137,Phil,pupper,3,10,0.3
1479,693582294167244802,None,None,11,10,1.1
1480,693486665285931008,Lincoln,None,11,10,1.1
1481,693280720173801472,Sadie,None,10,10,1.0
1482,693267061318012928,Oscar,None,12,10,1.2
1483,693262851218264065,None,pupper,11,10,1.1
1484,693231807727280129,Bodie,None,9,10,0.9
1485,693155686491000832,Dunkin,None,12,10,1.2
1486,693109034023534592,None,None,11,10,1.1
1487,693095443459342336,Milo,pupper,10,10,1.0
1488,692919143163629568,None,None,9,10,0.9
1489,692905862751522816,Wally,pupper,10,10,1.0
1490,692901601640583168,None,None,10,10,1.0
1491,692894228850999298,Tupawc,None,10,10,1.0
1492,692828166163931137,None,pupper,12,10,1.2
1493,692752401762250755,None,pupper,13,10,1.3
1494,692568918515392513,Chester,None,12,10,1.2
1495,692535307825213440,Amber,None,10,10,1.0
1496,692530551048294401,Cody,None,10,10,1.0
1497,692423280028966913,None,None,9,10,0.9
1498,692417313023332352,Herschel,pupper,7,10,0.7
1499,692187005137076224,a,None,12,10,1.2
1500,692158366030913536,Edgar,None,10,10,1.0
1501,692142790915014657,None,None,13,10,1.3
1502,692041934689402880,Teddy,None,13,10,1.3
1503,692017291282812928,Kingsley,None,9,10,0.9
1504,691820333922455552,Brockly,None,8,10,0.8
1505,691793053716221953,None,None,10,10,1.0
1506,691756958957883396,None,None,10,10,1.0
1507,691675652215414786,Richie,None,10,10,1.0
1508,691483041324204033,None,None,5,10,0.5
1509,691459709405118465,Leo,None,12,10,1.2
1510,691444869282295808,Bailey,None,12,10,1.2
1511,691416866452082688,None,None,13,10,1.3
1512,691321916024623104,Molly,None,11,10,1.1
1513,691096613310316544,None,None,11,10,1.1
1514,691090071332753408,None,None,12,10,1.2
1515,690989312272396288,None,None,12,10,1.2
1516,690959652130045952,None,None,11,10,1.1
1517,690938899477221376,None,None,10,10,1.0
1518,690932576555528194,Buddy,None,12,10,1.2
1519,690735892932222976,Peaches,None,13,10,1.3
1520,690728923253055490,Vinscent,None,8,10,0.8
1521,690690673629138944,Cedrick,None,10,10,1.0
1522,690649993829576704,Hazel,None,11,10,1.1
1523,690607260360429569,None,None,12,10,1.2
1524,690597161306841088,Lolo,None,11,10,1.1
1525,690400367696297985,Eriq,None,10,10,1.0
1526,690374419777196032,Phred,None,11,10,1.1
1527,690360449368465409,the,None,9,10,0.9
1528,690348396616552449,Oddie,None,12,10,1.2
1529,690248561355657216,Maxwell,None,11,10,1.1
1530,690021994562220032,Geoff,None,10,10,1.0
1531,690015576308211712,None,pupper,12,10,1.2
1532,690005060500217858,None,None,10,10,1.0
1533,689999384604450816,Covach,None,10,10,1.0
1534,689993469801164801,None,floofer,12,10,1.2
1535,689977555533848577,None,None,12,10,1.2
1536,689905486972461056,Gizmo,pupper,11,10,1.1
1537,689877686181715968,Durg,None,9,10,0.9
1538,689835978131935233,Fynn,None,11,10,1.1
1539,689661964914655233,Luca,None,12,10,1.2
1540,689659372465688576,Ricky,None,8,10,0.8
1541,689623661272240129,Lucy,pupper,10,10,1.0
1542,689599056876867584,None,None,11,10,1.1
1543,689557536375177216,None,None,12,10,1.2
1544,689517482558820352,Carl,None,12,10,1.2
1545,689289219123089408,None,None,13,10,1.3
1546,689283819090870273,Chipson,None,9,10,0.9
1547,689280876073582592,Herald,None,10,10,1.0
1548,689275259254616065,Lucky,None,10,10,1.0
1549,689255633275777024,Ferg,None,10,10,1.0
1550,689154315265683456,None,None,9,10,0.9
1551,689143371370250240,Trip,pupper,10,10,1.0
1552,688916208532455424,None,pupper,11,10,1.1
1553,688908934925697024,Clarence,None,8,10,0.8
1554,688898160958271489,None,None,10,10,1.0
1555,688894073864884227,Hamrick,pupper,7,10,0.7
1556,688828561667567616,Brad,None,9,10,0.9
1557,688804835492233216,None,None,12,10,1.2
1558,688789766343622656,Pubert,None,8,10,0.8
1559,688547210804498433,Frönq,None,9,10,0.9
1560,688519176466644993,None,pupper,12,10,1.2
1561,688385280030670848,Louis,None,12,10,1.2
1562,688211956440801280,Derby,None,13,10,1.3
1563,688179443353796608,Lizzie,pupper,10,10,1.0
1564,688116655151435777,None,None,10,10,1.0
1565,688064179421470721,Kilo,None,11,10,1.1
1566,687841446767013888,None,None,13,10,1.3
1567,687826841265172480,Louis,None,12,10,1.2
1568,687818504314159109,None,pupper,12,10,1.2
1569,687807801670897665,Trooper,None,11,10,1.1
1570,687732144991551489,Ember,None,11,10,1.1
1571,687704180304273409,Blakely,pupper,9,10,0.9
1572,687664829264453632,Opal,None,11,10,1.1
1573,687494652870668288,Marq,None,7,10,0.7
1574,687480748861947905,None,None,12,10,1.2
1575,687476254459715584,Curtis,pupper,11,10,1.1
1576,687460506001633280,Kramer,None,10,10,1.0
1577,687399393394311168,Barry,None,10,10,1.0
1578,687317306314240000,Tyrone,None,11,10,1.1
1579,687312378585812992,None,pupper,7,10,0.7
1580,687127927494963200,Gordon,None,9,10,0.9
1581,687124485711986689,Samson,None,11,10,1.1
1582,687109925361856513,Baxter,None,11,10,1.1
1583,687102708889812993,None,None,5,10,0.5
1584,687096057537363968,None,pupper,11,10,1.1
1585,686947101016735744,Jackson,None,11,10,1.1
1586,686760001961103360,None,pupper,12,10,1.2
1587,686749460672679938,None,None,8,10,0.8
1588,686730991906516992,None,None,12,10,1.2
1589,686683045143953408,Mona,pupper,11,10,1.1
1590,686618349602762752,Olivia,pupper,11,10,1.1
1591,686606069955735556,Horace,None,10,10,1.0
1592,686394059078897668,None,None,12,10,1.2
1593,686386521809772549,Crimson,None,11,10,1.1
1594,686377065986265092,Birf,pupper,10,10,1.0
1595,686358356425093120,None,None,10,10,1.0
1596,686286779679375361,None,None,12,10,1.2
1597,686050296934563840,Flávio,None,11,10,1.1
1598,686035780142297088,None,None,4,10,0.4
1599,686034024800862208,None,None,12,10,1.2
1600,686007916130873345,None,pupper,11,10,1.1
1601,686003207160610816,Hammond,None,3,10,0.3
1602,685973236358713344,Lorelei,None,11,10,1.1
1603,685943807276412928,the,pupper,8,10,0.8
1604,685906723014619143,Olive,None,9,10,0.9
1605,685681090388975616,None,None,14,10,1.4
1606,685667379192414208,Marty,pupper,9,10,0.9
1607,685663452032069632,Brooks,None,12,10,1.2
1608,685641971164143616,Otis,pupper,7,10,0.7
1609,685547936038666240,None,pupper,14,10,1.4
1610,685532292383666176,None,None,9,10,0.9
1611,685325112850124800,None,None,10,10,1.0
1612,685321586178670592,Rocky,None,10,10,1.0
1613,685315239903100929,None,None,11,10,1.1
1614,685307451701334016,Petrick,floofer,11,10,1.1
1615,685268753634967552,Hubertson,pupper,10,10,1.0
1616,685198997565345792,Alfie,None,11,10,1.1
1617,685169283572338688,Gerbald,pupper,11,10,1.1
1618,684969860808454144,None,None,5,10,0.5
1619,684959798585110529,Jerry,None,5,10,0.5
1620,684940049151070208,Oreo,None,12,10,1.2
1621,684926975086034944,Bruiser,None,11,10,1.1
1622,684914660081053696,None,None,12,10,1.2
1623,684902183876321280,Perry,None,11,10,1.1
1624,684880619965411328,None,pupper,5,10,0.5
1625,684830982659280897,None,pupper,13,10,1.3
1626,684800227459624960,Theodore,None,11,10,1.1
1627,684594889858887680,None,None,10,10,1.0
1628,684588130326986752,None,pupper,12,10,1.2
1629,684567543613382656,Bobby,None,4,10,0.4
1630,684538444857667585,None,None,12,10,1.2
1631,684481074559381504,Pippa,None,10,10,1.0
1632,684460069371654144,Jeph,None,10,10,1.0
1633,684241637099323392,Obi,None,12,10,1.2
1636,684200372118904832,None,None,6,10,0.6
1637,684195085588783105,Tino,None,9,10,0.9
1638,684188786104872960,None,None,10,10,1.0
1639,684177701129875456,Kulet,None,10,10,1.0
1640,684147889187209216,Sweets,pupper,12,10,1.2
1641,684122891630342144,None,None,11,10,1.1
1642,684097758874210310,Lupe,None,10,10,1.0
1643,683857920510050305,Sadie,None,10,10,1.0
1644,683852578183077888,Tiger,None,10,10,1.0
1645,683849932751646720,Jiminy,None,5,10,0.5
1646,683834909291606017,None,pupper,9,10,0.9
1647,683828599284170753,None,pupper,12,10,1.2
1648,683773439333797890,Buddy,None,9,10,0.9
1649,683742671509258241,Sebastian,None,11,10,1.1
1650,683515932363329536,None,None,11,10,1.1
1651,683498322573824003,Griffin,None,11,10,1.1
1652,683481228088049664,Banjo,pupper,11,10,1.1
1653,683462770029932544,None,pupper,8,10,0.8
1654,683449695444799489,None,None,10,10,1.0
1655,683391852557561860,Jack,None,11,10,1.1
1656,683357973142474752,None,None,10,10,1.0
1657,683142553609318400,Brandy,pupper,9,10,0.9
1658,683111407806746624,Larry,pupper,10,10,1.0
1659,683098815881154561,None,None,12,10,1.2
1660,683078886620553216,None,pupper,9,10,0.9
1661,683030066213818368,Lulu,None,10,10,1.0
1662,682962037429899265,Darrel,None,7,10,0.7
1663,682808988178739200,None,None,20,10,2.0
1664,682788441537560576,None,pupper,12,10,1.2
1665,682750546109968385,Taco,None,9,10,0.9
1666,682697186228989953,None,None,12,10,1.2
1667,682662431982772225,Joey,None,11,10,1.1
1668,682638830361513985,None,None,12,10,1.2
1669,682429480204398592,None,None,8,10,0.8
1670,682406705142087680,Patrick,pupper,7,10,0.7
1671,682393905736888321,Kreg,None,11,10,1.1
1672,682389078323662849,Brody,None,9,10,0.9
1673,682303737705140231,Todo,None,9,10,0.9
1674,682259524040966145,Jax,None,9,10,0.9
1675,682242692827447297,Samson,None,11,10,1.1
1676,682088079302213632,None,None,12,10,1.2
1677,682059653698686977,Tess,None,11,10,1.1
1678,682047327939461121,None,None,10,10,1.0
1679,682032003584274432,Ulysses,None,11,10,1.1
1680,682003177596559360,None,None,5,10,0.5
1681,681981167097122816,Jimothy,None,12,10,1.2
1682,681891461017812993,Charlie,pupper,10,10,1.0
1683,681694085539872773,Bo,pupper,11,10,1.1
1684,681679526984871937,None,pupper,7,10,0.7
1685,681654059175129088,Toffee,pupper,12,10,1.2
1686,681610798867845120,None,None,12,10,1.2
1687,681579835668455424,Apollo,None,8,10,0.8
1688,681523177663676416,Carly,None,12,10,1.2
1689,681340665377193984,None,None,5,10,0.5
1690,681339448655802368,Asher,None,9,10,0.9
1691,681320187870711809,Glacier,None,11,10,1.1
1692,681302363064414209,Chuck,None,3,10,0.3
1693,681297372102656000,actually,None,12,10,1.2
1694,681281657291280384,Sarge,None,11,10,1.1
1695,681261549936340994,Panda,None,9,10,0.9
1696,681242418453299201,Champ,None,10,10,1.0
1697,681231109724700672,None,pupper,11,10,1.1
1698,681193455364796417,Aspen,None,11,10,1.1
1699,680970795137544192,None,None,9,10,0.9
1700,680959110691590145,Ozzie,None,9,10,0.9
1701,680940246314430465,Alice,None,4,10,0.4
1702,680934982542561280,Sadie,None,10,10,1.0
1703,680913438424612864,Griswold,None,11,10,1.1
1704,680889648562991104,Cheesy,None,9,10,0.9
1705,680836378243002368,Ellie,pupper,12,10,1.2
1706,680805554198020098,None,None,9,10,0.9
1707,680801747103793152,None,None,10,10,1.0
1708,680798457301471234,Moofasa,None,6,10,0.6
1709,680609293079592961,Brody,None,9,10,0.9
1710,680583894916304897,Penny,None,8,10,0.8
1711,680497766108381184,Percy,None,12,10,1.2
1713,680473011644985345,Hector,pupper,10,10,1.0
1714,680440374763077632,None,None,11,10,1.1
1715,680221482581123072,CeCe,None,10,10,1.0
1716,680206703334408192,Toby,None,12,10,1.2
1717,680191257256136705,None,pupper,11,10,1.1
1718,680176173301628928,None,pupper,10,10,1.0
1719,680161097740095489,Goliath,None,12,10,1.2
1720,680145970311643136,Kawhi,pupper,10,10,1.0
1721,680130881361686529,Reggie,None,10,10,1.0
1722,680115823365742593,Ozzy,None,9,10,0.9
1723,680100725817409536,None,pupper,11,10,1.1
1724,680085611152338944,by,None,12,10,1.2
1725,680070545539371008,Emmie,None,9,10,0.9
1726,680055455951884288,Sammy,None,10,10,1.0
1727,679877062409191424,Penelope,None,5,10,0.5
1728,679872969355714560,Rocco,None,10,10,1.0
1729,679862121895714818,None,None,11,10,1.1
1730,679854723806179328,Bruce,None,7,10,0.7
1731,679844490799091713,Willie,None,10,10,1.0
1732,679828447187857408,None,pupper,13,10,1.3
1733,679777920601223168,Rinna,pupper,10,10,1.0
1734,679736210798047232,None,None,9,10,0.9
1735,679729593985699840,Hunter,None,8,10,0.8
1736,679722016581222400,Mike,None,8,10,0.8
1737,679530280114372609,a,None,7,10,0.7
1738,679527802031484928,None,pupper,11,10,1.1
1739,679511351870550016,William,None,7,10,0.7
1740,679503373272485890,Dwight,pupper,8,10,0.8
1741,679475951516934144,Evy,None,9,10,0.9
1742,679462823135686656,Hurley,None,11,10,1.1
1743,679405845277462528,None,None,10,10,1.0
1744,679158373988876288,Rubio,None,11,10,1.1
1745,679148763231985668,None,None,8,10,0.8
1746,679132435750195208,Louis,None,10,10,1.0
1747,679111216690831360,officially,None,12,10,1.2
1748,679062614270468097,Chompsky,None,11,10,1.1
1749,679047485189439488,None,None,9,10,0.9
1750,679001094530465792,Rascal,None,11,10,1.1
1751,678991772295516161,None,None,12,10,1.2
1752,678969228704284672,Lola,None,11,10,1.1
1753,678800283649069056,None,pupper,12,10,1.2
1754,678798276842360832,Linda,None,7,10,0.7
1755,678774928607469569,Tug,None,11,10,1.1
1756,678767140346941444,Mia,None,8,10,0.8
1757,678764513869611008,Wilson,None,10,10,1.0
1758,678755239630127104,Dash,None,10,10,1.0
1759,678740035362037760,Tango,None,6,10,0.6
1760,678708137298427904,None,pupper,10,10,1.0
1761,678675843183484930,None,None,2,10,0.2
1762,678643457146150913,Grizz,None,10,10,1.0
1763,678446151570427904,None,None,10,10,1.0
1764,678424312106393600,Crystal,None,2,10,0.2
1765,678410210315247616,Jerome,None,10,10,1.0
1766,678399652199309312,None,None,12,10,1.2
1767,678396796259975168,None,None,12,10,1.2
1768,678389028614488064,Bella,pupper,11,10,1.1
1769,678380236862578688,Crumpet,None,10,10,1.0
1770,678341075375947776,None,pupper,12,10,1.2
1771,678334497360859136,Rosie,None,10,10,1.0
1772,678278586130948096,None,pupper,10,10,1.0
1773,678255464182861824,Jessifer,None,9,10,0.9
1774,678023323247357953,None,None,13,10,1.3
1775,678021115718029313,Reese,None,12,10,1.2
1776,677961670166224897,Izzy,None,11,10,1.1
1777,677918531514703872,None,None,10,10,1.0
1778,677895101218201600,None,None,9,10,0.9
1780,677700003327029250,Ralph,None,10,10,1.0
1781,677698403548192770,Sadie,None,9,10,0.9
1782,677687604918272002,None,None,11,10,1.1
1783,677673981332312066,None,None,9,10,0.9
1784,677662372920729601,None,None,12,10,1.2
1785,677644091929329666,a,None,11,10,1.1
1786,677573743309385728,Sandy,None,10,10,1.0
1787,677565715327688705,None,None,6,10,0.6
1788,677557565589463040,None,pupper,10,10,1.0
1789,677547928504967168,None,None,12,10,1.2
1790,677530072887205888,Axel,None,9,10,0.9
1791,677335745548390400,None,None,12,10,1.2
1792,677334615166730240,None,None,9,10,0.9
1793,677331501395156992,Humphrey,None,9,10,0.9
1794,677328882937298944,Derek,None,10,10,1.0
1795,677314812125323265,Tassy,None,10,10,1.0
1796,677301033169788928,Juckson,None,5,10,0.5
1797,677269281705472000,the,pupper,10,10,1.0
1798,677228873407442944,Chuq,None,11,10,1.1
1799,677187300187611136,None,None,9,10,0.9
1800,676975532580409345,Cooper,None,11,10,1.1
1801,676957860086095872,None,None,10,10,1.0
1802,676949632774234114,Tyrus,None,8,10,0.8
1803,676948236477857792,Karl,None,6,10,0.6
1804,676946864479084545,None,None,12,10,1.2
1805,676942428000112642,None,None,9,10,0.9
1806,676936541936185344,None,pupper,8,10,0.8
1807,676916996760600576,None,pupper,10,10,1.0
1808,676897532954456065,None,None,5,10,0.5
1809,676864501615042560,Ash,None,10,10,1.0
1810,676821958043033607,None,None,11,10,1.1
1811,676819651066732545,None,pupper,12,10,1.2
1812,676811746707918848,Penny,None,9,10,0.9
1813,676776431406465024,None,None,10,10,1.0
1814,676617503762681856,None,pupper,13,10,1.3
1815,676613908052996102,the,None,12,10,1.2
1816,676606785097199616,None,None,12,10,1.2
1817,676603393314578432,Godzilla,pupper,9,10,0.9
1818,676593408224403456,None,pupper,11,10,1.1
1819,676590572941893632,None,None,7,10,0.7
1820,676588346097852417,Bubbles,None,5,10,0.5
1821,676582956622721024,Vinnie,None,8,10,0.8
1822,676575501977128964,None,pupper,8,10,0.8
1823,676533798876651520,None,None,12,10,1.2
1824,676496375194980353,Griffin,None,9,10,0.9
1825,676470639084101634,None,pupper,11,10,1.1
1826,676440007570247681,None,None,11,10,1.1
1827,676430933382295552,Duke,None,10,10,1.0
1828,676263575653122048,None,pupper,10,10,1.0
1829,676237365392908289,Winston,None,8,10,0.8
1830,676219687039057920,Kenneth,None,10,10,1.0
1831,676215927814406144,Herm,None,9,10,0.9
1832,676191832485810177,None,None,10,10,1.0
1833,676146341966438401,Bert,None,10,10,1.0
1834,676121918416756736,None,None,8,10,0.8
1835,676101918813499392,Striker,None,11,10,1.1
1836,676098748976615425,None,None,3,10,0.3
1837,676089483918516224,None,None,9,10,0.9
1838,675898130735476737,None,pupper,10,10,1.0
1839,675891555769696257,Donny,None,6,10,0.6
1840,675888385639251968,None,None,10,10,1.0
1841,675878199931371520,None,None,11,10,1.1
1842,675870721063669760,None,None,11,10,1.1
1844,675849018447167488,None,None,9,10,0.9
1845,675845657354215424,Pepper,pupper,10,10,1.0
1846,675822767435051008,None,None,10,10,1.0
1847,675820929667219457,None,None,11,10,1.1
1848,675798442703122432,Bernie,None,10,10,1.0
1849,675781562965868544,Buddah,None,11,10,1.1
1850,675740360753160193,None,pupper,12,10,1.2
1851,675710890956750848,Lenny,None,12,10,1.2
1852,675707330206547968,None,None,11,10,1.1
1853,675706639471788032,a,None,10,10,1.0
1854,675534494439489536,a,None,11,10,1.1
1855,675531475945709568,Ellie,None,10,10,1.0
1856,675522403582218240,Sammy,None,10,10,1.0
1857,675517828909424640,None,None,12,10,1.2
1858,675501075957489664,None,None,13,10,1.3
1859,675497103322386432,Reggie,None,11,10,1.1
1860,675489971617296384,None,None,10,10,1.0
1861,675483430902214656,None,None,5,10,0.5
1862,675432746517426176,None,None,12,10,1.2
1863,675372240448454658,None,None,13,10,1.3
1864,675362609739206656,Daisy,None,12,10,1.2
1865,675354435921575936,None,None,13,10,1.3
1866,675349384339542016,None,None,13,10,1.3
1867,675334060156301312,None,pupper,12,10,1.2
1868,675166823650848770,Arnold,None,10,10,1.0
1869,675153376133427200,None,None,1,10,0.1
1870,675149409102012420,None,None,12,10,1.2
1871,675147105808306176,None,None,10,10,1.0
1872,675146535592706048,Coops,None,7,10,0.7
1873,675145476954566656,None,None,9,10,0.9
1874,675135153782571009,Steven,None,5,10,0.5
1875,675113801096802304,Zuzu,pupper,10,10,1.0
1876,675111688094527488,Oliver,None,8,10,0.8
1877,675109292475830276,a,None,9,10,0.9
1878,675047298674663426,a,None,11,10,1.1
1879,675015141583413248,Moe,None,10,10,1.0
1880,675006312288268288,Mollie,pupper,10,10,1.0
1881,675003128568291329,Laela,None,12,10,1.2
1882,674999807681908736,None,None,13,10,1.3
1883,674805413498527744,None,None,10,10,1.0
1884,674800520222154752,Tedders,None,11,10,1.1
1885,674793399141146624,None,None,13,10,1.3
1886,674790488185167872,None,None,13,10,1.3
1887,674788554665512960,Maggie,None,9,10,0.9
1888,674781762103414784,None,None,8,10,0.8
1889,674774481756377088,Superpup,pupper,11,10,1.1
1890,674767892831932416,None,None,12,10,1.2
1891,674764817387900928,None,None,10,10,1.0
1892,674754018082705410,None,None,12,10,1.2
1893,674752233200820224,None,None,12,10,1.2
1894,674743008475090944,Sophie,None,10,10,1.0
1895,674742531037511680,None,None,11,10,1.1
1896,674739953134403584,None,None,11,10,1.1
1897,674737130913071104,Rufio,pupper,10,10,1.0
1898,674690135443775488,Patrick,None,3,10,0.3
1899,674670581682434048,Jeb,None,9,10,0.9
1900,674664755118911488,Rodman,None,10,10,1.0
1901,674646392044941312,None,None,5,10,0.5
1902,674644256330530816,None,None,11,10,1.1
1903,674638615994089473,None,pupper,12,10,1.2
1904,674632714662858753,None,None,5,10,0.5
1905,674606911342424069,None,None,13,10,1.3
1906,674468880899788800,Louis,None,13,10,1.3
1907,674447403907457024,None,pupper,10,10,1.0
1908,674436901579923456,Bailey,None,9,10,0.9
1909,674422304705744896,Ava,None,12,10,1.2
1910,674416750885273600,Jonah,None,10,10,1.0
1911,674410619106390016,Lenny,None,10,10,1.0
1912,674394782723014656,Gary,None,8,10,0.8
1913,674372068062928900,Chesney,None,10,10,1.0
1914,674330906434379776,None,None,13,10,1.3
1915,674318007229923329,Lennon,pupper,8,10,0.8
1916,674307341513269249,life,None,12,10,1.2
1917,674291837063053312,Kenny,None,11,10,1.1
1918,674271431610523648,None,None,10,10,1.0
1919,674269164442398721,Bob,None,8,10,0.8
1920,674265582246694913,Henry,None,2,10,0.2
1921,674262580978937856,Gus,pupper,9,10,0.9
1922,674255168825880576,Bobbay,None,10,10,1.0
1923,674082852460433408,a,None,11,10,1.1
1924,674075285688614912,Mitch,None,11,10,1.1
1925,674063288070742018,Earl,None,5,10,0.5
1926,674053186244734976,Stanley,None,10,10,1.0
1927,674051556661161984,Lucy,None,10,10,1.0
1928,674045139690631169,None,None,3,10,0.3
1929,674042553264685056,None,None,12,10,1.2
1930,674038233588723717,Kaiya,pupper,12,10,1.2
1931,674036086168010753,Daisy,None,9,10,0.9
1932,674024893172875264,None,None,10,10,1.0
1933,674019345211760640,Acro,None,10,10,1.0
1934,674014384960745472,Aiden,None,11,10,1.1
1935,674008982932058114,None,None,10,10,1.0
1936,673956914389192708,one,pupper,10,10,1.0
1937,673919437611909120,Obie,pupper,11,10,1.1
1938,673906403526995968,None,None,3,10,0.3
1939,673887867907739649,None,None,10,10,1.0
1940,673716320723169284,None,None,1,10,0.1
1941,673715861853720576,a,None,4,10,0.4
1942,673711475735838725,None,None,10,10,1.0
1943,673709992831262724,None,None,12,10,1.2
1944,673708611235921920,Riley,None,12,10,1.2
1945,673707060090052608,Raymond,pupper,10,10,1.0
1946,673705679337693185,Dot,None,8,10,0.8
1947,673700254269775872,None,None,3,10,0.3
1948,673697980713705472,Pickles,pupper,8,10,0.8
1949,673689733134946305,None,None,11,10,1.1
1950,673688752737402881,Larry,None,9,10,0.9
1951,673686845050527744,George,None,11,10,1.1
1952,673680198160809984,Shnuggles,None,13,10,1.3
1953,673662677122719744,Kendall,None,12,10,1.2
1954,673656262056419329,Albert,pupper,10,10,1.0
1955,673636718965334016,a,None,10,10,1.0
1956,673612854080196609,Jeffri,pupper,7,10,0.7
1957,673583129559498752,Sandy,None,11,10,1.1
1958,673580926094458881,None,None,8,10,0.8
1959,673576835670777856,None,None,7,10,0.7
1960,673363615379013632,None,pupper,11,10,1.1
1961,673359818736984064,Steve,None,8,10,0.8
1962,673355879178194945,Koda,None,11,10,1.1
1963,673352124999274496,None,None,12,10,1.2
1964,673350198937153538,Bella,None,9,10,0.9
1965,673345638550134785,Gerald,None,7,10,0.7
1966,673343217010679808,None,None,11,10,1.1
1967,673342308415348736,Django,pupper,10,10,1.0
1968,673320132811366400,Frankie,None,11,10,1.1
1969,673317986296586240,None,None,10,10,1.0
1970,673295268553605120,Eve,pupper,8,10,0.8
1971,673270968295534593,Mac,None,11,10,1.1
1972,673240798075449344,None,None,6,10,0.6
1973,673213039743795200,Dexter,None,10,10,1.0
1974,673148804208660480,Fletcher,pupper,8,10,0.8
1975,672997845381865473,Kenzie,None,12,10,1.2
1976,672995267319328768,Pumpkin,None,8,10,0.8
1977,672988786805112832,Schnozz,pupper,10,10,1.0
1978,672984142909456390,None,None,9,10,0.9
1979,672980819271634944,None,None,5,10,0.5
1980,672975131468300288,Chuckles,pupper,10,10,1.0
1981,672970152493887488,Chet,pupper,7,10,0.7
1982,672968025906282496,Gustaf,None,11,10,1.1
1983,672964561327235073,Terry,None,10,10,1.0
1984,672902681409806336,Jimison,None,9,10,0.9
1985,672898206762672129,Cheryl,pupper,11,10,1.1
1986,672884426393653248,None,None,6,10,0.6
1987,672877615439593473,Oscar,None,8,10,0.8
1988,672834301050937345,Ed,None,10,10,1.0
1989,672828477930868736,Jerry,None,9,10,0.9
1990,672640509974827008,Leonidas,None,9,10,0.9
1991,672622327801233409,None,pupper,12,10,1.2
1992,672614745925664768,Norman,pupper,6,10,0.6
1993,672609152938721280,Caryl,None,9,10,0.9
1994,672604026190569472,a,None,11,10,1.1
1995,672594978741354496,Scott,pupper,9,10,0.9
1996,672591762242805761,Taz,None,10,10,1.0
1997,672591271085670400,None,None,8,10,0.8
1998,672538107540070400,Darby,None,7,10,0.7
1999,672523490734551040,None,None,10,10,1.0
2000,672488522314567680,Jackie,None,10,10,1.0
2001,672482722825261057,light,None,10,10,1.0
2002,672481316919734272,Jazz,pupper,12,10,1.2
2003,672475084225949696,Buddy,None,8,10,0.8
2004,672466075045466113,Franq,None,12,10,1.2
2005,672272411274932228,Pippin,None,11,10,1.1
2006,672267570918129665,None,None,10,10,1.0
2007,672264251789176834,Kreg,None,10,10,1.0
2008,672256522047614977,None,None,8,10,0.8
2009,672254177670729728,Rolf,pupper,11,10,1.1
2010,672248013293752320,None,None,10,10,1.0
2011,672245253877968896,Snickers,None,12,10,1.2
2012,672239279297454080,Ridley,None,7,10,0.7
2013,672231046314901505,None,None,5,10,0.5
2014,672222792075620352,Cal,None,9,10,0.9
2015,672205392827572224,Opal,pupper,9,10,0.9
2016,672169685991993344,Bradley,None,10,10,1.0
2017,672160042234327040,Bubba,pupper,8,10,0.8
2018,672139350159835138,None,None,12,10,1.2
2019,672125275208069120,just,None,11,10,1.1
2020,672095186491711488,Tuco,None,9,10,0.9
2021,672082170312290304,Patch,None,11,10,1.1
2022,672068090318987265,Gizmo,None,7,10,0.7
2023,671896809300709376,Lola,None,10,10,1.0
2024,671891728106971137,Mojo,None,11,10,1.1
2025,671882082306625538,Batdog,None,11,10,1.1
2026,671879137494245376,Brad,None,5,10,0.5
2027,671874878652489728,Mia,None,10,10,1.0
2028,671866342182637568,Dylan,None,10,10,1.0
2029,671855973984772097,None,None,8,10,0.8
2030,671789708968640512,space,None,13,10,1.3
2031,671768281401958400,None,None,10,10,1.0
2032,671763349865160704,Mark,None,9,10,0.9
2033,671744970634719232,None,None,6,10,0.6
2034,671743150407421952,a,None,11,10,1.1
2035,671735591348891648,Oscar,None,11,10,1.1
2036,671729906628341761,None,None,13,10,1.3
2037,671561002136281088,the,None,13,10,1.3
2038,671550332464455680,None,None,1,10,0.1
2039,671547767500775424,Marley,None,10,10,1.0
2040,671544874165002241,None,None,6,10,0.6
2041,671542985629241344,JD,None,10,10,1.0
2042,671538301157904385,Baxter,None,8,10,0.8
2043,671536543010570240,Reginald,None,9,10,0.9
2044,671533943490011136,None,None,6,10,0.6
2045,671528761649688577,Jax,None,10,10,1.0
2046,671520732782923777,Alejandro,None,10,10,1.0
2047,671518598289059840,Scruffers,None,9,10,0.9
2048,671511350426865664,Hammond,None,8,10,0.8
2049,671504605491109889,Charlie,None,11,10,1.1
2050,671497587707535361,Pip,None,11,10,1.1
2051,671488513339211776,Julius,None,8,10,0.8
2052,671486386088865792,Malcolm,None,10,10,1.0
2053,671485057807351808,Penelope,None,11,10,1.1
2054,671390180817915904,None,None,7,10,0.7
2055,671362598324076544,Tanner,None,11,10,1.1
2056,671357843010908160,None,None,9,10,0.9
2057,671355857343524864,Lou,None,10,10,1.0
2058,671347597085433856,Lola,None,9,10,0.9
2059,671186162933985280,Sparky,None,10,10,1.0
2060,671182547775299584,None,None,12,10,1.2
2061,671166507850801152,Herm,None,10,10,1.0
2062,671163268581498880,None,None,8,10,0.8
2063,671159727754231808,Anthony,None,5,10,0.5
2064,671154572044468225,Holly,None,11,10,1.1
2065,671151324042559489,None,None,12,10,1.2
2066,671147085991960577,a,None,9,10,0.9
2067,671141549288370177,None,None,9,10,0.9
2068,671138694582165504,None,None,10,10,1.0
2069,671134062904504320,Clarence,None,8,10,0.8
2070,671122204919246848,None,None,4,10,0.4
2071,671115716440031232,Phred,None,6,10,0.6
2072,671109016219725825,Toby,None,8,10,0.8
2073,670995969505435648,None,None,12,10,1.2
2075,670840546554966016,Colby,None,10,10,1.0
2076,670838202509447168,None,None,4,10,0.4
2077,670833812859932673,Jett,None,7,10,0.7
2078,670832455012716544,Amy,None,10,10,1.0
2079,670826280409919488,None,None,2,10,0.2
2080,670823764196741120,Remington,None,12,10,1.2
2081,670822709593571328,None,None,10,10,1.0
2082,670815497391357952,Sage,None,10,10,1.0
2083,670811965569282048,Maggie,None,10,10,1.0
2084,670807719151067136,Andy,None,11,10,1.1
2085,670804601705242624,Mason,None,10,10,1.0
2086,670803562457407488,None,None,10,10,1.0
2087,670797304698376195,Trigger,None,11,10,1.1
2088,670792680469889025,Antony,None,7,10,0.7
2089,670789397210615808,None,None,9,10,0.9
2090,670786190031921152,Creg,None,8,10,0.8
2091,670783437142401025,None,None,1,10,0.1
2092,670782429121134593,None,None,5,10,0.5
2093,670780561024270336,Traviss,None,7,10,0.7
2094,670778058496974848,None,None,10,10,1.0
2095,670764103623966721,Vincent,None,10,10,1.0
2096,670755717859713024,Gin,None,9,10,0.9
2097,670733412878163972,Jerry,None,8,10,0.8
2098,670727704916926465,Jeffrie,None,10,10,1.0
2099,670717338665226240,None,None,12,10,1.2
2100,670704688707301377,Danny,None,6,10,0.6
2101,670691627984359425,Ester,None,8,10,0.8
2102,670679630144274432,Pluto,None,8,10,0.8
2103,670676092097810432,Bloo,None,8,10,0.8
2104,670668383499735048,Phineas,None,10,10,1.0
2105,670474236058800128,None,None,10,10,1.0
2106,670468609693655041,Edd,None,10,10,1.0
2107,670465786746662913,None,None,7,10,0.7
2108,670452855871037440,None,None,11,10,1.1
2109,670449342516494336,None,None,5,10,0.5
2110,670444955656130560,Paull,None,10,10,1.0
2111,670442337873600512,Koda,None,11,10,1.1
2112,670435821946826752,None,None,10,10,1.0
2113,670434127938719744,Hank,None,11,10,1.1
2114,670433248821026816,Sam,None,10,10,1.0
2115,670428280563085312,Willy,None,11,10,1.1
2116,670427002554466305,a,None,9,10,0.9
2117,670421925039075328,Herb,None,12,10,1.2
2118,670420569653809152,Damon,None,10,10,1.0
2119,670417414769758208,None,None,6,10,0.6
2120,670411370698022913,Scooter,None,12,10,1.2
2121,670408998013820928,Peanut,None,10,10,1.0
2122,670403879788544000,Nigel,None,10,10,1.0
2123,670385711116361728,Larry,None,8,10,0.8
2124,670374371102445568,Daisy,None,12,10,1.2
2125,670361874861563904,a,None,9,10,0.9
2126,670338931251150849,Butters,None,10,10,1.0
2127,670319130621435904,None,None,11,10,1.1
2128,670303360680108032,a,None,9,10,0.9
2129,670290420111441920,Sandra,None,11,10,1.1
2130,670093938074779648,Wally,None,9,10,0.9
2131,670086499208155136,None,None,10,10,1.0
2132,670079681849372674,Fabio,None,10,10,1.0
2133,670073503555706880,Winston,None,10,10,1.0
2134,670069087419133954,Randall,None,5,10,0.5
2135,670061506722140161,Liam,None,11,10,1.1
2136,670055038660800512,Tommy,None,3,10,0.3
2137,670046952931721218,Ben,None,11,10,1.1
2138,670040295598354432,None,None,10,10,1.0
2139,670037189829525505,None,None,5,10,0.5
2140,670003130994700288,Raphael,None,10,10,1.0
2141,669993076832759809,Zoey,None,9,10,0.9
2142,669972011175813120,None,None,10,10,1.0
2143,669970042633789440,Julio,None,10,10,1.0
2144,669942763794931712,Andru,None,11,10,1.1
2145,669926384437997569,None,None,12,10,1.2
2146,669923323644657664,a,None,10,10,1.0
2147,669753178989142016,Chester,None,10,10,1.0
2148,669749430875258880,Clarence,None,8,10,0.8
2149,669684865554620416,None,None,11,10,1.1
2150,669683899023405056,Kloey,None,10,10,1.0
2151,669682095984410625,Louie,None,9,10,0.9
2152,669680153564442624,Shawwn,None,8,10,0.8
2153,669661792646373376,a,None,5,10,0.5
2154,669625907762618368,Penny,None,12,10,1.2
2155,669603084620980224,None,None,10,10,1.0
2156,669597912108789760,Skye,None,10,10,1.0
2157,669583744538451968,None,None,6,10,0.6
2158,669573570759163904,Linda,None,10,10,1.0
2159,669571471778410496,Keith,None,7,10,0.7
2160,669567591774625800,Kollin,None,9,10,0.9
2161,669564461267722241,a,None,10,10,1.0
2162,669393256313184256,Ronduh,None,10,10,1.0
2163,669375718304980992,Billl,None,6,10,0.6
2164,669371483794317312,Oliviér,None,10,10,1.0
2165,669367896104181761,Chip,None,10,10,1.0
2166,669363888236994561,None,None,10,10,1.0
2167,669359674819481600,Saydee,None,11,10,1.1
2168,669354382627049472,Dug,None,8,10,0.8
2169,669353438988365824,Tessa,None,10,10,1.0
2170,669351434509529089,Sully,None,10,10,1.0
2171,669328503091937280,Kirk,None,12,10,1.2
2172,669327207240699904,None,None,13,10,1.3
2173,669324657376567296,Ralf,None,11,10,1.1
2174,669216679721873412,Clarq,None,8,10,0.8
2175,669214165781868544,Jaspers,None,10,10,1.0
2176,669203728096960512,Samsom,None,9,10,0.9
2177,669037058363662336,None,None,10,10,1.0
2178,669015743032369152,None,None,10,10,1.0
2179,669006782128353280,Tucker,None,12,10,1.2
2180,669000397445533696,Terrance,None,11,10,1.1
2181,668994913074286592,None,None,5,10,0.5
2182,668992363537309700,Harrison,None,8,10,0.8
2183,668989615043424256,Bernie,None,3,10,0.3
2184,668988183816871936,None,None,7,10,0.7
2185,668986018524233728,Ruby,None,9,10,0.9
2186,668981893510119424,None,None,4,10,0.4
2187,668979806671884288,Chaz,None,12,10,1.2
2188,668975677807423489,Jeremy,None,11,10,1.1
2189,668967877119254528,None,None,12,10,1.2
2190,668960084974809088,Jaycob,None,10,10,1.0
2191,668955713004314625,a,None,10,10,1.0
2192,668932921458302977,Herald,None,9,10,0.9
2193,668902994700836864,Lambeau,None,11,10,1.1
2194,668892474547511297,Ruffles,None,11,10,1.1
2195,668872652652679168,Amélie,None,11,10,1.1
2196,668852170888998912,Bobb,None,11,10,1.1
2197,668826086256599040,Banditt,None,10,10,1.0
2198,668815180734689280,a,None,7,10,0.7
2199,668779399630725120,Kevon,None,10,10,1.0
2200,668655139528511488,Winifred,None,11,10,1.1
2201,668645506898350081,None,None,11,10,1.1
2202,668643542311546881,None,None,3,10,0.3
2203,668641109086707712,Hanz,None,10,10,1.0
2204,668636665813057536,an,None,10,10,1.0
2205,668633411083464705,Churlie,None,10,10,1.0
2206,668631377374486528,Zeek,None,5,10,0.5
2207,668627278264475648,Timofy,None,9,10,0.9
2208,668625577880875008,Maks,None,10,10,1.0
2209,668623201287675904,Jomathan,None,10,10,1.0
2210,668620235289837568,Kallie,None,10,10,1.0
2211,668614819948453888,a,None,7,10,0.7
2212,668587383441514497,the,None,13,10,1.3
2213,668567822092664832,Marvin,None,11,10,1.1
2214,668544745690562560,None,None,10,10,1.0
2215,668542336805281792,None,None,10,10,1.0
2216,668537837512433665,Spark,None,8,10,0.8
2217,668528771708952576,Gòrdón,None,12,10,1.2
2218,668507509523615744,a,None,10,10,1.0
2219,668496999348633600,Jo,None,8,10,0.8
2220,668484198282485761,None,None,9,10,0.9
2221,668480044826800133,DayZ,None,11,10,1.1
2222,668466899341221888,a,None,4,10,0.4
2223,668297328638447616,None,None,9,10,0.9
2224,668291999406125056,None,None,10,10,1.0
2225,668286279830867968,Rusty,None,11,10,1.1
2226,668274247790391296,Sophie,None,10,10,1.0
2227,668268907921326080,None,None,10,10,1.0
2228,668256321989451776,Jareld,None,13,10,1.3
2229,668248472370458624,Bisquick,None,8,10,0.8
2230,668237644992782336,Torque,None,10,10,1.0
2231,668226093875376128,None,None,10,10,1.0
2232,668221241640230912,None,None,10,10,1.0
2233,668204964695683073,Ron,None,8,10,0.8
2234,668190681446379520,Skittles,None,12,10,1.2
2235,668171859951755264,a,None,7,10,0.7
2236,668154635664932864,None,None,9,10,0.9
2237,668142349051129856,None,None,2,10,0.2
2238,668113020489474048,Alfie,None,6,10,0.6
2239,667937095915278337,None,None,3,10,0.3
2240,667924896115245057,Jiminy,None,9,10,0.9
2241,667915453470232577,Otis,None,10,10,1.0
2242,667911425562669056,None,None,5,10,0.5
2243,667902449697558528,Cleopatricia,None,9,10,0.9
2244,667886921285246976,Erik,None,11,10,1.1
2245,667885044254572545,Stu,None,10,10,1.0
2246,667878741721415682,Tedrick,None,2,10,0.2
2247,667873844930215936,None,None,10,10,1.0
2248,667866724293877760,Shaggy,None,10,10,1.0
2249,667861340749471744,a,None,9,10,0.9
2250,667832474953625600,None,None,12,10,1.2
2251,667806454573760512,Filup,None,10,10,1.0
2252,667801013445750784,None,None,12,10,1.2
2253,667793409583771648,None,None,8,10,0.8
2254,667782464991965184,None,None,9,10,0.9
2255,667773195014021121,a,None,8,10,0.8
2256,667766675769573376,Calvin,None,9,10,0.9
2257,667728196545200128,Olive,None,11,10,1.1
2258,667724302356258817,None,None,7,10,0.7
2261,667549055577362432,None,None,1,10,0.1
2262,667546741521195010,George,None,9,10,0.9
2263,667544320556335104,Kial,None,10,10,1.0
2264,667538891197542400,a,None,9,10,0.9
2265,667534815156183040,Frank,None,8,10,0.8
2266,667530908589760512,Naphaniel,None,10,10,1.0
2267,667524857454854144,None,None,12,10,1.2
2268,667517642048163840,Dook,None,8,10,0.8
2269,667509364010450944,None,None,12,10,1.2
2270,667502640335572993,Hall,None,11,10,1.1
2271,667495797102141441,Philippe,None,9,10,0.9
2272,667491009379606528,None,None,7,10,0.7
2273,667470559035432960,a,None,11,10,1.1
2274,667455448082227200,Reese,None,7,10,0.7
2275,667453023279554560,Cupcake,None,11,10,1.1
2276,667443425659232256,None,None,6,10,0.6
2277,667437278097252352,None,None,10,10,1.0
2278,667435689202614272,None,None,12,10,1.2
2279,667405339315146752,Biden,None,7,10,0.7
2280,667393430834667520,Fwed,None,8,10,0.8
2281,667369227918143488,None,None,10,10,1.0
2282,667211855547486208,Genevieve,None,9,10,0.9
2283,667200525029539841,Joshwa,None,11,10,1.1
2284,667192066997374976,None,None,12,10,1.2
2285,667188689915760640,None,None,10,10,1.0
2286,667182792070062081,Timison,None,10,10,1.0
2287,667177989038297088,a,None,8,10,0.8
2288,667176164155375616,None,None,4,10,0.4
2289,667174963120574464,Clarence,None,9,10,0.9
2290,667171260800061440,Kenneth,None,10,10,1.0
2291,667165590075940865,Churlie,None,10,10,1.0
2292,667160273090932737,Bradlay,None,11,10,1.1
2293,667152164079423490,Pipsy,None,12,10,1.2
2294,667138269671505920,None,None,10,10,1.0
2295,667119796878725120,Gabe,None,10,10,1.0
2296,667090893657276420,Clybe,None,7,10,0.7
2297,667073648344346624,Dave,None,10,10,1.0
2298,667070482143944705,None,None,10,10,1.0
2299,667065535570550784,None,None,8,10,0.8
2300,667062181243039745,Keet,None,10,10,1.0
2301,667044094246576128,None,None,12,10,1.2
2302,667012601033924608,Klevin,None,9,10,0.9
2303,666996132027977728,Carll,None,10,10,1.0
2304,666983947667116034,a,None,11,10,1.1
2305,666837028449972224,None,None,3,10,0.3
2306,666835007768551424,None,None,10,10,1.0
2307,666826780179869698,None,None,12,10,1.2
2308,666817836334096384,Jeph,None,9,10,0.9
2309,666804364988780544,Jockson,None,8,10,0.8
2310,666786068205871104,None,None,2,10,0.2
2311,666781792255496192,a,None,10,10,1.0
2312,666776908487630848,Josep,None,5,10,0.5
2313,666739327293083650,Lugan,None,10,10,1.0
2314,666701168228331520,a,None,8,10,0.8
2315,666691418707132416,Christoper,None,8,10,0.8
2316,666649482315059201,None,None,4,10,0.4
2317,666644823164719104,Jimothy,None,9,10,0.9
2318,666454714377183233,Kreggory,None,10,10,1.0
2319,666447344410484738,Scout,None,9,10,0.9
2320,666437273139982337,None,None,7,10,0.7
2321,666435652385423360,None,None,10,10,1.0
2322,666430724426358785,None,None,6,10,0.6
2323,666428276349472768,None,None,7,10,0.7
2324,666421158376562688,None,None,12,10,1.2
2325,666418789513326592,Walter,None,10,10,1.0
2326,666411507551481857,quite,None,2,10,0.2
2327,666407126856765440,a,None,7,10,0.7
2328,666396247373291520,None,None,9,10,0.9
2329,666373753744588802,None,None,11,10,1.1
2330,666362758909284353,None,None,6,10,0.6
2331,666353288456101888,None,None,8,10,0.8
2332,666345417576210432,None,None,10,10,1.0
2333,666337882303524864,an,None,9,10,0.9
2334,666293911632134144,a,None,3,10,0.3
2335,666287406224695296,an,None,1,10,0.1
2336,666273097616637952,None,None,11,10,1.1
2337,666268910803644416,None,None,10,10,1.0
2338,666104133288665088,None,None,1,10,0.1
2339,666102155909144576,None,None,11,10,1.1
2340,666099513787052032,None,None,8,10,0.8
2341,666094000022159362,None,None,9,10,0.9
2342,666082916733198337,None,None,6,10,0.6
2343,666073100786774016,None,None,10,10,1.0
2344,666071193221509120,None,None,9,10,0.9
2345,666063827256086533,the,None,10,10,1.0
2346,666058600524156928,the,None,8,10,0.8
2347,666057090499244032,a,None,9,10,0.9
2348,666055525042405380,a,None,10,10,1.0
2349,666051853826850816,an,None,2,10,0.2
2350,666050758794694657,a,None,10,10,1.0
2351,666049248165822465,None,None,5,10,0.5
2352,666044226329800704,a,None,6,10,0.6
2353,666033412701032449,a,None,9,10,0.9
2354,666029285002620928,a,None,7,10,0.7
2355,666020888022790149,None,None,8,10,0.8
